gene,CNV
NPHP4,LOH
KCNAB2,LOH
CHD5,LOH
RNF207,LOH
ICMT,LOH
HES3,LOH
GPR153,LOH
ACOT7,LOH
ESPN,LOH
PLEKHG5,LOH
NOL9,LOH
ZBTB48,LOH
KLHL21,LOH
PHF13,LOH
THAP3,LOH
DNAJC11,LOH
CAMTA1,LOH
VAMP3,LOH
PER3,LOH
TNFRSF9,LOH
RERE,LOH
ENO1,LOH
CA6,LOH
SLC2A7,LOH
H6PD,LOH
SPSB1,LOH
SPSB1,LOSS
SLC25A33,GAIN
TMEM201,GAIN
PIK3CD,GAIN
CLSTN1,GAIN
NMNAT1,GAIN
RBP7,GAIN
UBE4B,GAIN
KIF1B,GAIN
PGD,GAIN
PEX14,GAIN
CASZ1,GAIN
C1orf127,GAIN
TARDBP,GAIN
MASP2,GAIN
SRM,GAIN
EXOSC10,GAIN
MTOR,GAIN
FBXO2,GAIN
FBXO44,GAIN
FBXO6,GAIN
MAD2L2,GAIN
AGTRAP,GAIN
MTHFR,GAIN
CLCN6,GAIN
NPPA,GAIN
NPPB,GAIN
KIAA2013,GAIN
PLOD1,GAIN
MFN2,GAIN
MIIP,GAIN
TNFRSF8,GAIN
TNFRSF1B,GAIN
VPS13D,GAIN
DHRS3,GAIN
AADACL4,GAIN
AADACL3,GAIN
PRAMEF12,GAIN
PRAMEF1,GAIN
PRAMEF11,GAIN
HNRNPCL1,GAIN
PRAMEF2,GAIN
PRAMEF4,GAIN
PRAMEF8,GAIN
HNRNPCL2,GAIN
PDPN,GAIN
PRDM2,GAIN
KAZN,GAIN
TMEM51,GAIN
FHAD1,GAIN
EFHD2,GAIN
CTRC,GAIN
CELA2A,GAIN
CELA2B,GAIN
CASP9,GAIN
AGMAT,GAIN
PLEKHM2,GAIN
UQCRHL,GAIN
FLJ37453,GAIN
SPEN,GAIN
ZBTB17,GAIN
CLCNKB,GAIN
FAM131C,GAIN
EPHA2,GAIN
ARHGEF19,GAIN
RSG1,GAIN
FBXO42,GAIN
SZRD1,GAIN
SPATA21,GAIN
NECAP2,GAIN
CROCCP3,GAIN
CROCC,GAIN
MFAP2,GAIN
ATP13A2,GAIN
SDHB,GAIN
PADI2,GAIN
PADI1,GAIN
PADI3,GAIN
PADI4,GAIN
PADI6,GAIN
RCC2,GAIN
ACTL8,GAIN
IGSF21,GAIN
KLHDC7A,GAIN
PAX7,GAIN
TAS1R2,GAIN
UBR4,GAIN
EMC1,GAIN
EMC1,GAIN
MRTO4,GAIN
AKR7L,GAIN
AKR7A2,GAIN
PQLC2,GAIN
CAPZB,GAIN
MINOS1-NBL1,GAIN
HTR6,GAIN
TMCO4,GAIN
RNF186,GAIN
OTUD3,GAIN
PLA2G2A,GAIN
PLA2G2D,GAIN
PLA2G2F,GAIN
UBXN10,GAIN
VWA5B1,GAIN
CAMK2N1,GAIN
MUL1,GAIN
FAM43B,GAIN
CDA,GAIN
PINK1,GAIN
DDOST,GAIN
KIF17,GAIN
SH2D5,GAIN
HP1BP3,GAIN
EIF4G3,GAIN
ECE1,GAIN
NBPF3,GAIN
ALPL,GAIN
RAP1GAP,GAIN
USP48,GAIN
LDLRAD2,GAIN
HSPG2,GAIN
CELA3B,GAIN
CELA3A,GAIN
CDC42,GAIN
WNT4,GAIN
ZBTB40,GAIN
EPHA8,GAIN
C1QC,GAIN
EPHB2,GAIN
LACTBL1,GAIN
KDM1A,GAIN
HTR1D,GAIN
HNRNPR,GAIN
ZNF436,GAIN
TCEA3,GAIN
ASAP3,GAIN
E2F2,GAIN
ID3,GAIN
RPL11,GAIN
PITHD1,GAIN
GALE,GAIN
FUCA1,GAIN
PNRC2,GAIN
SRSF10,GAIN
MYOM3,GAIN
IL22RA1,GAIN
IFNLR1,GAIN
GRHL3,GAIN
NIPAL3,GAIN
RCAN3,GAIN
NCMAP,GAIN
SRRM1,GAIN
CLIC4,GAIN
RUNX3,GAIN
SYF2,GAIN
TMEM50A,GAIN
LDLRAP1,GAIN
MAN1C1,GAIN
MTFR1L,GAIN
AUNIP,GAIN
PAQR7,GAIN
STMN1,GAIN
PAFAH2,GAIN
EXTL1,GAIN
TRIM63,GAIN
PDIK1L,GAIN
FAM110D,GAIN
CNKSR1,GAIN
CEP85,GAIN
SH3BGRL3,GAIN
UBXN11,GAIN
CD52,GAIN
ZNF683,GAIN
LIN28A,GAIN
DHDDS,GAIN
HMGN2,GAIN
RPS6KA1,GAIN
ARID1A,GAIN
PIGV,GAIN
SFN,GAIN
GPN2,GAIN
GPATCH3,GAIN
NUDC,GAIN
KDF1,GAIN
TRNP1,GAIN
FAM46B,GAIN
SLC9A1,GAIN
WDTC1,GAIN
TMEM222,GAIN
SYTL1,GAIN
MAP3K6,GAIN
FCN3,GAIN
CD164L2,GAIN
GPR3,GAIN
WASF2,GAIN
FGR,GAIN
IFI6,GAIN
FAM76A,GAIN
STX12,GAIN
PPP1R8,GAIN
THEMIS2,GAIN
RPA2,GAIN
SMPDL3B,GAIN
XKR8,GAIN
PTAFR,GAIN
DNAJC8,GAIN
SESN2,GAIN
MED18,GAIN
PHACTR4,GAIN
RCC1,GAIN
SNHG12,GAIN
TAF12,GAIN
YTHDF2,GAIN
OPRD1,GAIN
EPB41,GAIN
TMEM200B,GAIN
SRSF4,GAIN
MECR,GAIN
PTPRU,GAIN
MATN1,GAIN
LAPTM5,GAIN
SDC3,GAIN
NKAIN1,GAIN
SNRNP40,GAIN
ZCCHC17,GAIN
FABP3,GAIN
SERINC2,GAIN
LINC01225,GAIN
TINAGL1,GAIN
HCRTR1,GAIN
PEF1,GAIN
SPOCD1,GAIN
PTP4A2,GAIN
KHDRBS1,GAIN
TMEM39B,GAIN
KPNA6,GAIN
TXLNA,GAIN
CCDC28B,GAIN
IQCC,GAIN
DCDC2B,GAIN
TMEM234,GAIN
EIF3I,GAIN
FAM167B,GAIN
LCK,GAIN
HDAC1,GAIN
MARCKSL1,GAIN
TSSK3,GAIN
BSDC1,GAIN
RBBP4,GAIN
SYNC,GAIN
KIAA1522,GAIN
YARS,GAIN
S100PBP,GAIN
FNDC5,GAIN
TMEM54,GAIN
RNF19B,GAIN
AK2,GAIN
AZIN2,GAIN
TRIM62,GAIN
ZNF362,GAIN
A3GALT2,GAIN
PHC2,GAIN
ZSCAN20,GAIN
CSMD2,GAIN
C1orf94,GAIN
DLGAP3,GAIN
ZMYM6,GAIN
ZMYM1,GAIN
SFPQ,GAIN
ZMYM4,GAIN
KIAA0319L,GAIN
NCDN,GAIN
TFAP2E,GAIN
PSMB2,GAIN
C1orf216,GAIN
AGO4,GAIN
AGO3,GAIN
TEKT2,GAIN
ADPRHL2,GAIN
COL8A2,GAIN
TRAPPC3,GAIN
MAP7D1,GAIN
THRAP3,GAIN
SH3D21,GAIN
STK40,GAIN
LSM10,GAIN
OSCP1,GAIN
MRPS15,GAIN
CSF3R,GAIN
CSF3R,LOH
NDUFS5,GAIN
MACF1,GAIN
BMP8A,GAIN
PABPC4,GAIN
HEYL,GAIN
NT5C1A,GAIN
HPCAL4,GAIN
PPIE,GAIN
BMP8B,GAIN
TRIT1,GAIN
MYCL,GAIN
MFSD2A,GAIN
CAP1,GAIN
PPT1,GAIN
RLF,GAIN
TMCO2,GAIN
ZMPSTE24,GAIN
COL9A2,GAIN
SMAP2,GAIN
ZFP69,GAIN
EXO5,GAIN
ZNF684,GAIN
RIMS3,GAIN
NFYC,GAIN
NFYC,GAIN
RAB3B,GAIN
ZFYVE9,LOH
CC2D1B,LOH
ORC1,LOH
PRPF38A,LOH
ZCCHC11,LOH
GPX7,LOH
COA7,LOH
ZYG11B,LOH
ZYG11A,LOH
ECHDC2,LOH
PODN,LOH
SLC1A7,LOH
CPT2,LOH
C1orf123,LOH
MAGOH,LOH
LRP8,LOH
DMRTB1,LOH
GLIS1,LOH
NDC1,LOH
YIPF1,LOH
DIO1,LOH
LRRC42,LOH
LDLRAD1,LOH
TMEM59,LOH
TCEANC2,LOH
MRPL37,LOH
SSBP3,LOH
PARS2,LOH
DHCR24,LOH
TMEM61,LOH
PCSK9,LOH
USP24,LOH
PRKAA2,LOH
C8A,LOH
C8B,LOH
OMA1,LOSS
LRRC40,LOSS
SRSF11,LOSS
ANKRD13C,LOSS
HHLA3,LOSS
CTH,LOSS
PTGER3,LOSS
ZRANB2,LOSS
NEGR1,LOSS
LRRIQ3,LOSS
ERICH3,LOSS
CRYZ,LOSS
TYW3,LOSS
LHX8,LOSS
SLC44A5,LOSS
ACADM,LOSS
RABGGTB,LOSS
MSH4,LOSS
ASB17,LOSS
PIGK,LOH
AK5,LOH
ZZZ3,LOH
USP33,LOH
NEXN,LOH
FUBP1,LOH
GIPC2,LOH
IFI44L,LOH
IFI44,LOH
ADGRL4,LOH
PRKACB,LOH
PRKACB,LOH
SAMD13,LOH
UOX,LOH
DNASE2B,LOH
DNASE2B,GAIN
CNN3,GAIN
TMEM56,GAIN
PTBP2,LOH
DPYD,LOH
MIR137HG,LOH
SNX7,LOH
PALMD,LOH
FRRS1,LOH
AGL,LOH
SLC35A3,LOH
SASS6,LOH
TRMT13,LOH
LRRC39,LOH
DBT,LOH
RTCA,LOH
CDC14A,LOH
GPR88,LOH
VCAM1,LOH
SLC30A7,LOH
DPH5,LOH
S1PR1,LOH
OLFM3,LOH
COL11A1,LOH
LOC101928436,LOH
AMY2B,LOH
AMY2A,LOH
AMY1B,LOH
PRMT6,LOH
NTNG1,LOH
NBPF4,LOH
HENMT1,LOH
PRPF38B,LOH
STXBP3,LOH
AKNAD1,LOH
WDR47,LOH
TMEM167B,LOH
SCARNA2,LOH
C1orf194,LOH
KIAA1324,LOH
SARS,LOH
CELSR2,LOH
PSRC1,LOH
MYBPHL,LOH
SORT1,LOH
PSMA5,LOH
SYPL2,LOH
ATXN7L2,LOH
GNAI3,LOH
GNAT2,LOH
AMPD2,LOH
GSTM4,LOH
CSF1,LOH
AHCYL1,LOH
STRIP1,LOH
ALX3,LOH
UBL4B,LOH
SLC6A17,LOH
KCNC4,LOH
RBM15,LOH
SLC16A4,LOH
LAMTOR5,LOH
PROK1,LOH
KCNA10,LOH
KCNA2,LOH
KCNA3,LOH
CD53,LOH
LRIF1,LOH
DRAM2,LOH
CEPT1,LOH
DENND2D,LOH
CHIAP2,LOH
CHIA,LOH
OVGP1,LOH
WDR77,LOH
C1orf162,LOH
TMIGD3,LOH
FAM212B,LOH
DDX20,LOH
KCND3,LOH
CTTNBP2NL,LOH
ST7L,LOH
CAPZA1,LOH
MOV10,LOH
RHOC,LOH
PPM1J,LOH
SLC16A1,LOH
LRIG2,LOH
MAGI3,LOH
PHTF1,LOH
RSBN1,LOH
AP4B1-AS1,LOH
AP4B1,LOH
DCLRE1B,LOH
HIPK1,LOH
OLFML3,LOH
SYT6,LOH
TRIM33,LOH
BCAS2,LOH
AMPD1,LOH
NRAS,LOH
CSDE1,LOH
SIKE1,LOH
SYCP1,LOH
TSHB,LOH
TSPAN2,LOH
VANGL1,LOH
CASQ2,LOH
SLC22A15,LOH
MAB21L3,LOH
ATP1A1,LOH
CD58,LOH
IGSF3,LOH
C1orf137,LOH
CD2,LOH
PTGFRN,LOH
CD101,LOH
TTF2,LOH
TRIM45,LOH
VTCN1,LOH
FAM46C,LOH
MIR5096,GAIN
FAM110C,GAIN
SH3YL1,GAIN
ACP1,GAIN
SNTG2,GAIN
PXDN,GAIN
MYT1L,GAIN
C2orf48,GAIN
C2orf48,LOH
FAM49A,LOH
SMC6,LOH
MSGN1,LOH
KCNS3,LOH
OSR1,LOH
TTC32,LOH
WDR35,LOH
MATN3,LOH
LAPTM4A,LOH
SDC1,LOH
PUM2,LOH
RHOB,LOH
LDAH,LOH
APOB,LOH
TDRD15,LOH
KLHL29,LOH
ATAD2B,LOH
FKBP1B,LOH
SF3B6,LOH
FAM228B,LOH
ITSN2,LOH
CENPO,LOH
DNAJC27,LOH
EFR3B,LOH
POMC,LOH
DNMT3A,LOH
DTNB,LOH
DTNB,GAIN
DNAH6,LOH
DNAH6,GAIN
ACTR3BP2,GAIN
TEKT4,GAIN
MAL,GAIN
MRPS5,GAIN
ZNF514,GAIN
ZNF2,GAIN
PROM2,GAIN
KCNIP3,GAIN
TRIM43B,GAIN
TRIM43,GAIN
GPAT2,GAIN
ADRA2B,GAIN
ASTL,GAIN
DUSP2,GAIN
STARD7,GAIN
TMEM127,GAIN
CIAO1,GAIN
SNRNP200,GAIN
ITPRIPL1,GAIN
NCAPH,GAIN
NEURL3,GAIN
ARID5A,GAIN
KANSL3,GAIN
FER1L5,GAIN
LMAN2L,GAIN
CNNM4,GAIN
CNNM3,GAIN
SEMA4C,GAIN
FAHD2B,GAIN
ANKRD36,GAIN
DPP10,LOH
DDX18,LOH
CCDC93,LOH
INSIG2,LOH
EN1,LOH
MARCO,LOH
C1QL2,LOH
STEAP3,LOH
C2orf76,LOH
DBI,LOH
SCTR,LOH
CFAP221,LOH
PTPN4,LOH
EPB41L5,LOH
TMEM185B,LOH
INHBB,LOH
LINC01101,LOH
GLI2,LOH
TFCP2L1,LOH
NIFK,LOH
TSN,LOH
CNTNAP5,LOH
GYPC,LOH
BIN1,LOH
CYP27C1,LOH
ERCC3,LOH
PROC,LOH
MYO7B,LOH
LIMS2,LOH
POLR2D,LOH
AMMECR1L,LOH
UGGT1,LOH
HS6ST1,LOH
RAB6C,LOH
POTEF,LOH
CCDC74B,LOH
SMPD4,LOH
MZT2B,LOH
TUBA3E,LOH
CCDC115,LOH
IMP4,LOH
PTPN18,LOH
CYP4F62P,LOH
POTEI,LOH
CFC1B,LOH
TISP43,LOH
CFC1,LOH
POTEJ,LOH
CYP4F30P,LOH
GPR148,LOH
AMER3,LOH
ARHGEF4,LOH
FAM168B,LOH
PLEKHB2,LOH
C2orf27A,LOH
ANKRD30BL,LOH
ZNF806,LOH
GPR39,LOH
LYPD1,LOH
NCKAP5,LOH
CCNT2,LOH
MAP3K19,LOH
ZRANB3,LOH
UBXN4,LOH
DARS,LOH
PABPC1P2,LOH
ACVR2A,LOH
ORC4,LOH
MBD5,LOH
EPC2,LOH
KIF5C,LOH
LYPD6B,LOH
LYPD6,LOH
MMADHC,LOH
RND3,LOH
RBM43,LOH
NMI,LOH
TNFAIP6,LOH
RIF1,LOH
NEB,LOH
CACNB4,LOH
STAM2,LOH
FMNL2,LOH
PRPF40A,LOH
ARL6IP6,LOH
RPRM,LOH
GALNT13,LOH
GPD2,LOH
ERMN,LOH
CYTIP,LOH
ACVR1C,LOH
ACVR1,LOH
TANC1,LOH
WDSUB1,LOH
BAZ2B,LOH
LY75-CD302,LOH
ITGB6,GAIN
RBMS1,GAIN
RBMS1,LOH
SLC4A10,LOH
DPP4,LOH
FAP,LOH
IFIH1,LOH
KCNH7,LOH
KCNH7,GAIN
TMEFF2,LOH
SLC39A10,LOH
DNAH7,LOH
STK17B,LOH
HECW2,LOH
CCDC150,LOH
GTF3C3,LOH
C2orf66,LOH
PGAP1,LOH
PGAP1,LOH
HDAC4,GAIN
NDUFA10,GAIN
OR6B2,GAIN
OR6B3,GAIN
GPC1,GAIN
ANKMY1,GAIN
GPR35,GAIN
AQP12B,GAIN
AQP12A,GAIN
KIF1A,GAIN
AGXT,GAIN
C2orf54,GAIN
LOC200772,GAIN
SNED1,GAIN
MTERF4,GAIN
PASK,GAIN
PPP1R7,GAIN
ANO7,GAIN
HDLBP,GAIN
FARP2,GAIN
STK25,GAIN
BOK-AS1,GAIN
BOK,GAIN
THAP4,GAIN
ATG4B,GAIN
DTYMK,GAIN
ING5,GAIN
D2HGDH,GAIN
GAL3ST2,GAIN
NEU4,GAIN
PDCD1,GAIN
LINC01237,GAIN
CHL1,GAIN
CNTN4,GAIN
CNTN4-AS1,GAIN
IL5RA,GAIN
CRBN,GAIN
ITPR1,GAIN
ARL8B,GAIN
EDEM1,GAIN
GRM7,GAIN
LMCD1-AS1,GAIN
RAD18,GAIN
SRGAP3,GAIN
SETD5,GAIN
LHFPL4,GAIN
MTMR14,GAIN
CPNE9,GAIN
BRPF1,GAIN
OGG1,GAIN
TADA3,GAIN
ARPC4-TTLL3,GAIN
CIDEC,GAIN
JAGN1,GAIN
IL17RE,GAIN
IL17RC,GAIN
CRELD1,GAIN
PRRT3,GAIN
FANCD2,GAIN
FANCD2OS,GAIN
IRAK2,GAIN
TATDN2,GAIN
GHRLOS,GAIN
SEC13,GAIN
SLC6A1,GAIN
HRH1,GAIN
ATG7,GAIN
VGLL4,GAIN
TAMM41,GAIN
SYN2,GAIN
MKRN2,GAIN
RAF1,GAIN
TMEM40,GAIN
IQSEC1,GAIN
NUP210,GAIN
HDAC11,GAIN
FBLN2,GAIN
CHCHD4,GAIN
TMEM43,GAIN
XPC,GAIN
SLC6A6,GAIN
GRIP2,GAIN
CCDC174,GAIN
C3orf20,GAIN
FGD5,GAIN
NR2C2,GAIN
MRPS25,GAIN
RBSN,GAIN
COL6A4P1,GAIN
CAPN7,GAIN
SH3BP5,GAIN
EAF1,GAIN
COLQ,GAIN
HACL1,GAIN
BTD,GAIN
DPH3,GAIN
RFTN1,GAIN
DAZL,GAIN
PLCL2,GAIN
TBC1D5,GAIN
KCNH8,GAIN
RAB5A,GAIN
PP2D1,GAIN
KAT2B,GAIN
VENTXP7,GAIN
UBE2E2,GAIN
UBE2E1,GAIN
NR1D2,GAIN
THRB,GAIN
RARB,GAIN
TOP2B,GAIN
NGLY1,GAIN
OXSM,GAIN
LRRC3B,GAIN
NEK10,GAIN
SLC4A7,GAIN
EOMES,GAIN
AZI2,GAIN
ZCWPW2,GAIN
TGFBR2,GAIN
GADL1,GAIN
STT3B,GAIN
ZNF860,GAIN
GPD1L,GAIN
CMTM8,GAIN
DYNC1LI1,GAIN
CNOT10,GAIN
GLB1,GAIN
CRTAP,GAIN
SUSD5,GAIN
UBP1,GAIN
CLASP2,GAIN
PDCD6IP,GAIN
ARPP21,GAIN
STAC,GAIN
DCLK3,GAIN
TRANK1,GAIN
EPM2AIP1,GAIN
MLH1,GAIN
LRRFIP2,GAIN
GOLGA4,GAIN
C3orf35,GAIN
CTDSPL,GAIN
PLCD1,GAIN
ACAA1,GAIN
MYD88,GAIN
OXSR1,GAIN
SLC22A13,GAIN
XYLB,GAIN
SCN5A,GAIN
SCN11A,GAIN
WDR48,GAIN
GORASP1,GAIN
TTC21A,GAIN
CSRNP1,GAIN
XIRP1,GAIN
CX3CR1,GAIN
CCR8,GAIN
SLC25A38,GAIN
RPSA,GAIN
MOBP,GAIN
MYRIP,GAIN
EIF1B,GAIN
ENTPD3,GAIN
RPL14,GAIN
ZNF619,GAIN
ZNF620,GAIN
ZNF621,GAIN
ULK4,GAIN
TRAK1,GAIN
CCK,GAIN
LYZL4,GAIN
VIPR1,GAIN
SEC22C,GAIN
ZBTB47,GAIN
KLHL40,GAIN
CCDC13,GAIN
HIGD1A,GAIN
FAM198A,GAIN
POMGNT2,GAIN
SNRK,GAIN
ABHD5,GAIN
TOPAZ1,GAIN
TCAIM,GAIN
ZNF445,GAIN
ZNF852,GAIN
ZKSCAN7,GAIN
ZNF502,GAIN
ZNF501,GAIN
KIF15,GAIN
TMEM42,GAIN
ZDHHC3,GAIN
CDCP1,GAIN
TMEM158,GAIN
SACM1L,GAIN
SLC6A20,GAIN
LZTFL1,GAIN
FYCO1,GAIN
CCR2,GAIN
CCR5,GAIN
CCRL2,GAIN
RTP3,GAIN
LRRC2,GAIN
TDGF1,GAIN
ALS2CL,GAIN
TMIE,GAIN
MYL3,GAIN
PTH1R,GAIN
CCDC12,GAIN
NBEAL2,GAIN
NRADDP,GAIN
SETD2,GAIN
KLHL18,GAIN
PTPN23,GAIN
SCAP,GAIN
ELP6,GAIN
DHX30,GAIN
MAP4,GAIN
CDC25A,GAIN
CAMP,GAIN
NME6,GAIN
SPINK8,GAIN
FBXW12,GAIN
PLXNB1,GAIN
CCDC51,GAIN
TMA7,GAIN
ATRIP,GAIN
TREX1,GAIN
SHISA5,GAIN
PFKFB4,GAIN
UCN2,GAIN
UQCRC1,GAIN
TMEM89,GAIN
SLC26A6,GAIN
CELSR3,GAIN
IP6K2,GAIN
SLC25A20,GAIN
ARIH2OS,GAIN
ARIH2,GAIN
P4HTM,GAIN
WDR6,GAIN
DALRD3,GAIN
NDUFAF3,GAIN
IMPDH2,GAIN
USP19,GAIN
LAMB2,GAIN
CCDC71,GAIN
KLHDC8B,GAIN
C3orf84,GAIN
CCDC36,GAIN
USP4,GAIN
DAG1,GAIN
BSN,GAIN
MST1,GAIN
RNF123,GAIN
CDHR4,GAIN
SYNPR,LOH
C3orf49,LOH
THOC7,LOH
ATXN7,LOH
PSMD6,LOH
PRICKLE2,LOH
SLC25A26,LOH
LRIG1,LOH
KBTBD8,LOH
SUCLG2,LOH
FAM19A1,LOH
FAM19A4,LOH
EOGT,LOH
UBA3,LOH
ARL6IP5,LOH
FRMD4B,LOH
MITF,LOH
EIF4E3,LOH
PROK2,LOH
RYBP,LOH
SHQ1,LOH
SHQ1,GAIN
FRG2C,LOH
ZNF717,LOH
ROBO1,GAIN
ROBO1,LOH
GBE1,LOH
PROS1,LOH
ARL13B,LOH
EPHA6,LOH
ARL6,LOH
CRYBG3,LOH
GABRR3,LOH
OR5AC2,LOH
OR5H15,LOH
CPOX,LOH
ST3GAL6,LOH
DCBLD2,LOH
CMSS1,LOH
TBC1D23,LOH
LNP1,LOH
TMEM45A,LOH
ADGRG7,LOH
TFG,LOH
ABI3BP,LOH
IMPG2,LOH
SENP7,LOH
FAM172BP,LOH
TRMT10C,LOH
PCNP,LOH
RPL24,LOH
NXPE3,LOH
NFKBIZ,LOH
ALCAM,LOH
CCDC54,LOH
BBX,LOH
LINC00636,LOH
CD47,LOH
IFT57,LOH
HHLA2,LOH
MYH15,LOH
DZIP3,LOH
TRAT1,LOH
GUCA1C,LOH
MORC1,LOH
DPPA2,LOH
DPPA4,LOH
CD96,LOH
PLCXD2,LOH
PHLDB2,LOH
ABHD10,LOH
TAGLN3,LOH
GCSAM,LOH
SLC9C1,LOH
CD200,LOH
BTLA,LOH
ATG3,LOH
SLC35A5,LOH
CCDC80,LOH
BOC,LOH
CFAP44,LOH
SPICE1,LOH
SIDT1,LOH
NAA50,LOH
ATP6V1A,LOH
ZDHHC23,LOH
DRD3,LOH
ZNF80,LOH
ZBTB20,LOH
ZBTB20,LOSS
ZBTB20,LOH
TRH,GAIN
FAM86HP,GAIN
COL6A5,GAIN
PIK3R4,GAIN
ATP2C1,GAIN
ASTE1,GAIN
NEK11,GAIN
NUDT16,GAIN
MRPL3,GAIN
ACPP,GAIN
TMEM108,GAIN
BFSP2,GAIN
CDV3,GAIN
TOPBP1,GAIN
SRPRB,GAIN
RAB6B,GAIN
C3orf36,GAIN
SLCO2A1,GAIN
RYK,GAIN
ANAPC13,GAIN
CEP63,GAIN
KY,GAIN
EPHB1,GAIN
SI,LOH
SLITRK3,LOH
BCHE,LOH
ZBBX,LOH
PDCD10,LOH
SERPINI1,LOH
GOLIM4,LOH
EGFEM1P,LOH
MECOM,LOH
MECOM,GAIN
SDHAP1,LOH
TFRC,LOH
ZDHHC19,LOH
TCTEX1D2,LOH
RNF168,LOH
SMCO1,LOH
FBXO45,LOH
NRROS,LOH
PIGX,LOH
PAK2,LOH
SENP5,LOH
NCBP2,LOH
NCBP2-AS2,LOH
PIGZ,LOH
DLG1,LOH
BDH1,LOH
LOC220729,LOH
FYTTD1,LOH
IQCG,LOH
LMLN,LOH
CPLX1,LOSS
CPLX1,LOH
GAK,LOH
TMEM175,LOH
DGKQ,LOH
SLC26A1,LOH
IDUA,LOH
RNF212,LOH
SPON2,LOH
CTBP1,LOH
MAEA,LOH
UVSSA,LOH
CRIPAK,LOH
NKX1-1,LOH
FAM53A,LOH
SLBP,LOH
TMEM129,LOH
TACC3,LOH
FGFR3,LOH
LETM1,LOH
C4orf48,LOH
NAT8L,LOH
POLN,LOH
ZFYVE28,LOH
CFAP99,LOH
RNF4,LOH
FAM193A,LOH
TNIP2,LOH
SH3BP2,LOH
ADD1,LOH
MFSD10,LOH
NOP14,LOH
GRK4,LOH
HTT,LOH
RGS12,LOH
HGFAC,LOH
DOK7,LOH
OTOP1,LOH
TMEM128,LOH
LYAR,LOH
ZBTB49,LOH
STX18,LOH
MSX1,LOH
CYTL1,LOH
STK32B,LOH
CRMP1,LOH
JAKMIP1,LOH
WFS1,LOH
PPP2R2C,LOH
MRFAP1,LOH
MRFAP1L1,LOH
BLOC1S4,LOH
KIAA0232,LOH
TBC1D14,LOH
TADA2B,LOH
AFAP1,LOH
ABLIM2,LOH
SH3TC1,LOH
HTRA3,LOH
ACOX3,LOH
TRMT44,LOH
HMX1,LOH
CPEB2-AS1,LOSS
CPEB2,LOSS
C1QTNF7,LOSS
CC2D2A,LOSS
FBXL5,LOSS
FAM200B,LOSS
BST1,LOSS
CD38,LOSS
FGFBP1,LOSS
TAPT1,LOSS
LDB2,LOSS
CLRN2,LOSS
LAP3,LOSS
FAM184B,LOSS
DCAF16,LOSS
NCAPG,LOSS
LCORL,LOSS
SLIT2,LOSS
KCNIP4,LOSS
ADGRA3,LOSS
GBA3,LOSS
PPARGC1A,LOSS
DHX15,LOSS
SEPSECS,LOH
PI4K2B,LOH
ZCCHC4,LOH
ANAPC4,LOH
SLC34A2,LOH
SEL1L3,LOH
SMIM20,LOH
RBPJ,LOH
CCKAR,LOH
TBC1D19,LOH
STIM2,LOH
PCDH7,LOH
ARAP2,LOH
LOC439933,LOH
DTHD1,LOH
DCUN1D4,GAIN
LRRC66,GAIN
SPATA18,GAIN
USP46,GAIN
DANCR,GAIN
RASL11B,GAIN
SCFD2,GAIN
FIP1L1,GAIN
PDGFRA,GAIN
KIT,GAIN
KDR,GAIN
TMEM165,GAIN
CLOCK,GAIN
CLOCK,GAIN
PDCL2,GAIN
NMU,GAIN
EXOC1,GAIN
CEP135,GAIN
KIAA1211,GAIN
AASDH,GAIN
PPAT,GAIN
PAICS,GAIN
THEGL,GAIN
HOPX,GAIN
SPINK2,GAIN
REST,GAIN
POLR2B,GAIN
IGFBP7,GAIN
EPHA5,GAIN
EPHA5-AS1,GAIN
UBA6,GAIN
TMPRSS11F,GAIN
YTHDC1,GAIN
TMPRSS11E,GAIN
PCDH18,LOH
SLC7A11,LOH
MGARP,LOH
NDUFC1,LOH
EMB,LOH
PARP8,LOH
ISL1,LOH
ITGA2,LOH
MOCS2,LOH
NDUFS4,LOH
HSPB3,LOH
SNX18,LOH
ESM1,LOH
GZMK,LOH
GZMA,LOH
CDC20B,LOH
MCIDAS,LOH
CCNO,LOH
DHX29,LOH
DDX4,LOH
IL31RA,LOH
IL6ST,LOH
FLJ31104,LOH
ANKRD55,LOH
C5orf67,LOH
MAP3K1,LOH
SETD9,LOH
MIER3,LOH
GPBP1,LOH
ACTBL2,LOH
PLK2,LOH
GAPT,LOH
PDE4D,LOH
DEPDC1B,LOH
ELOVL7,LOH
ERCC8,LOH
NDUFAF2,LOH
SMIM15,LOH
ZSWIM6,LOH
C5orf64,LOH
IPO11,LOH
HTR1A,LOH
RNF180,LOH
RGS7BP,LOH
SREK1IP1,LOH
CWC27,LOH
ADAMTS6,LOH
CENPK,LOH
PPWD1,LOH
TRAPPC13,LOH
SGTB,LOH
NLN,LOH
SREK1,LOH
MAST4,LOH
CD180,LOH
PIK3R1,LOH
SLC30A5,LOH
CCNB1,LOH
CENPH,LOH
MRPS36,LOH
CDK7,LOH
CCDC125,LOH
RAD17,LOH
MARVELD2,LOH
OCLN,LOH
SERF1A,LOSS
SMN2,LOSS
SMA4,LOSS
SMA4,LOH
GUSBP3,LOH
SERF1A,LOSS
SMN1,LOSS
NAIP,LOSS
NAIP,LOH
GTF2H2,LOH
BDP1,LOH
MCCC2,LOH
CARTPT,LOH
MRPS27,LOH
PTCD2,LOH
FCHO2,LOH
TMEM174,LOH
FOXD1,LOH
BTF3,LOH
ANKRA2,LOH
UTP15,LOH
ARHGEF28,LOH
ENC1,LOH
HEXB,LOH
GFM2,LOH
NSA2,LOH
FAM169A,LOH
GCNT4,LOH
ANKRD31,LOH
HMGCR,LOH
ANKDD1B,LOH
POC5,LOH
SV2C,LOH
IQGAP2,LOH
F2R,LOH
F2RL1,LOH
S100Z,LOH
CRHBP,LOH
AGGF1,LOH
AP3B1,LOH
SCAMP1,LOH
LHFPL2,LOH
ARSB,LOH
DMGDH,LOH
JMY,LOH
PAPD4,LOH
CMYA5,LOH
MTX3,LOH
THBS4,LOH
SERINC5,LOH
SPZ1,LOH
ZFYVE16,LOH
FAM151B,LOH
ANKRD34B,LOH
DHFR,LOH
MSH3,LOH
RASGRF2,LOH
ATP6AP1L,LOH
TMEM167A,LOH
XRCC4,LOH
VCAN,LOH
EDIL3,LOH
NBPF22P,LOH
RASA1,LOH
CCNH,LOH
TMEM161B,LOH
MEF2C,LOH
LOC731157,LOH
MBLAC2,LOH
POLR3G,LOH
LYSMD3,LOH
ADGRV1,LOH
ARRDC3,LOH
NR2F1,LOH
FAM172A,LOH
KIAA0825,LOH
FAM81B,LOH
ARSK,LOH
GPR150,LOH
SPATA9,LOH
ELL2,LOH
CAST,LOH
ERAP1,LOH
RGMB,LOH
CHD1,LOH
FAM174A,LOH
ST8SIA4,LOH
SLCO4C1,LOH
SLCO6A1,LOH
PAM,LOH
PPIP5K2,LOH
C5orf30,LOH
NUDT12,LOH
LMNB1,LOH
C5orf63,LOH
MEGF10,LOH
PRRC1,LOH
CTXN3,LOH
SLC12A2,LOH
SLC27A6,LOH
ISOC1,LOH
ADAMTS19,LOH
CHSY3,LOH
LYRM7,LOH
CDC42SE2,LOH
RAPGEF6,LOH
FNIP1,LOH
ACSL6,LOH
CSF2,LOH
SLC22A5,LOH
IRF1,LOH
IL5,LOH
RAD50,LOH
IL13,LOH
IL4,LOH
KIF3A,LOH
CCNI2,LOH
SOWAHA,LOH
SOWAHA,GAIN
PAIP2,GAIN
SLC23A1,GAIN
PROB1,GAIN
SPATA24,GAIN
DNAJC18,GAIN
ECSCR,GAIN
TMEM173,GAIN
UBE2D2,GAIN
PSD2,GAIN
NRG2,GAIN
PURA,GAIN
IGIP,GAIN
CYSTM1,GAIN
PFDN1,GAIN
HBEGF,GAIN
SLC4A9,GAIN
SRA1,GAIN
APBB3,GAIN
SLC35A4,GAIN
CD14,GAIN
IK,GAIN
HARS,GAIN
HARS2,GAIN
PCDHA1,GAIN
PCDHB1,GAIN
PCDHB2,GAIN
PCDHB3,GAIN
PCDHB4,GAIN
PCDHB5,GAIN
PCDHB6,GAIN
PCDHB17P,GAIN
PCDHB7,GAIN
PCDHB8,GAIN
PCDHB9,GAIN
PCDHB10,GAIN
PCDHB12,GAIN
PCDHB13,GAIN
PCDHB14,GAIN
PCDHB18P,GAIN
PCDHB19P,GAIN
PCDHB15,GAIN
SLC25A2,GAIN
TAF7,GAIN
PCDHGA1,GAIN
DIAPH1,GAIN
HDAC3,GAIN
RELL2,GAIN
FCHSD1,GAIN
ARAP3,GAIN
PCDH1,GAIN
KIAA0141,GAIN
PCDH12,GAIN
RNF14,GAIN
NDFIP1,GAIN
SPRY4,GAIN
FGF1,GAIN
NR3C1,GAIN
YIPF5,GAIN
KCTD16,GAIN
PRELID2,GAIN
GRXCR2,GAIN
SH3RF2,GAIN
PLAC8L1,GAIN
LARS,GAIN
POU4F3,GAIN
PPP2R2B,GAIN
STK32A,GAIN
DPYSL3,GAIN
JAKMIP2,GAIN
SPINK1,GAIN
SCGB3A2,GAIN
C5orf46,GAIN
SPINK5,GAIN
SPINK14,GAIN
SPINK6,GAIN
FBXO38,GAIN
HTR4,GAIN
ADRB2,GAIN
SH3TC2,GAIN
ABLIM3,GAIN
AFAP1L1,GAIN
GRPEL2,GAIN
PCYOX1L,GAIN
IL17B,GAIN
PPARGC1B,GAIN
PDE6A,GAIN
SLC26A2,GAIN
TIGD6,GAIN
HMGXB3,GAIN
CSF1R,GAIN
PDGFRB,GAIN
CDX1,GAIN
CAMK2A,GAIN
ARSI,GAIN
TCOF1,GAIN
CD74,GAIN
NDST1,GAIN
SYNPO,GAIN
MYOZ3,GAIN
RBM22,GAIN
SMIM3,GAIN
IRGM,GAIN
ZNF300,GAIN
ZNF300P1,GAIN
GPX3,GAIN
TNIP1,GAIN
ANXA6,GAIN
GM2A,GAIN
SLC36A3,GAIN
SLC36A2,GAIN
SLC36A1,GAIN
FAT2,GAIN
SPARC,GAIN
GLRA1,GAIN
NMUR2,GAIN
GRIA1,GAIN
FAM114A2,GAIN
GALNT10,GAIN
SAP30L,GAIN
HAND1,GAIN
LARP1,GAIN
FAXDC2,GAIN
CNOT8,GAIN
GEMIN5,GAIN
MRPL22,GAIN
KIF4B,GAIN
SGCD,GAIN
PPP1R2P3,GAIN
TIMD4,GAIN
HAVCR1,GAIN
HAVCR2,GAIN
ITK,GAIN
CYFIP2,GAIN
SOX30,GAIN
C5orf52,GAIN
LSM11,GAIN
CLINT1,GAIN
EBF1,GAIN
RNF145,GAIN
UBLCP1,GAIN
ADRA1B,GAIN
TTC1,GAIN
PWWP2A,GAIN
FABP6,GAIN
CCNJL,GAIN
C1QTNF2,GAIN
ZBED8,GAIN
SLU7,GAIN
PTTG1,GAIN
ATP10B,GAIN
GABRB2,GAIN
GABRA6,GAIN
GABRA1,GAIN
GABRG2,GAIN
CCNG1,GAIN
NUDCD2,GAIN
HMMR,GAIN
MAT2B,GAIN
TENM2,GAIN
RARS,GAIN
SLIT3,GAIN
SPDL1,GAIN
DOCK2,GAIN
FOXI1,GAIN
KCNIP1,GAIN
RANBP17,GAIN
TLX3,GAIN
FGF18,GAIN
SMIM23,GAIN
FBXW11,GAIN
STK10,GAIN
EFCAB9,GAIN
SH3PXD2B,GAIN
NEURL1B,GAIN
LOC101928093,GAIN
DUSP1,GAIN
ERGIC1,GAIN
RPL26L1,GAIN
ATP6V0E1,GAIN
CREBRF,GAIN
BNIP1,GAIN
NKX2-5,GAIN
STC2,GAIN
BOD1,GAIN
C5orf47,GAIN
MSX2,GAIN
DRD1,GAIN
HRH2,GAIN
CPLX2,GAIN
FAM153B,GAIN
SIMC1,GAIN
KIAA1191,GAIN
CLTB,GAIN
FAF2,GAIN
RNF44,GAIN
CDHR2,GAIN
GPRIN1,GAIN
SNCB,GAIN
EIF4E1B,GAIN
TSPAN17,GAIN
UNC5A,GAIN
HK3,GAIN
UIMC1,GAIN
ZNF346,GAIN
FGFR4,GAIN
NSD1,GAIN
LMAN2,GAIN
RGS14,GAIN
SLC34A1,GAIN
PFN3,GAIN
F12,GAIN
GRK6,GAIN
PRR7,GAIN
DBN1,GAIN
PDLIM7,GAIN
DOK3,GAIN
DDX41,GAIN
FAM193B,GAIN
TMED9,GAIN
B4GALT7,GAIN
LOC202181,GAIN
FAM153A,GAIN
PROP1,GAIN
FAM153C,GAIN
N4BP3,GAIN
NHP2,GAIN
HNRNPAB,GAIN
PHYKPL,GAIN
COL23A1,GAIN
CLK4,GAIN
ZNF354A,GAIN
ZFP2,GAIN
ZNF454,GAIN
GRM6,GAIN
ADAMTS2,GAIN
RUFY1,GAIN
C5orf60,GAIN
CANX,GAIN
MAML1,GAIN
MGAT4B,GAIN
SQSTM1,GAIN
TBC1D9B,GAIN
RNF130,GAIN
RASGEF1C,GAIN
MAPK9,GAIN
GFPT2,GAIN
CNOT6,GAIN
SCGB3A1,GAIN
FLT4,GAIN
OR2Y1,GAIN
ZFP62,GAIN
BTNL8,GAIN
BTNL3,GAIN
BTNL9,GAIN
OR2V1,GAIN
OR2V2,GAIN
TRIM7,GAIN
RIMS1,GAIN
RIMS1,GAIN
KHDC1,LOH
DPPA5,LOH
KHDC3L,LOH
DDX43,LOH
EEF1A1,LOH
CD109,LOH
COL12A1,LOH
TMEM30A,LOH
FILIP1,LOH
SENP6,LOH
MYO6,LOH
IMPG1,LOH
PHIP,LOH
HMGN3,LOH
LCA5,LOH
SH3BGRL2,LOH
ELOVL4,LOH
TTK,LOH
BCKDHB,LOH
FAM46A,LOH
IBTK,LOH
UBE3D,LOH
PGM3,LOH
RWDD2A,LOH
ME1,LOH
PRSS35,LOH
RIPPLY2,LOH
MRAP2,LOH
CEP162,LOH
CEP162,LOSS
TBX18,LOSS
NT5E,LOSS
SNX14,LOSS
SYNCRIP,LOSS
SNHG5,LOSS
HTR1E,LOSS
CGA,LOSS
GJB7,LOSS
SLC35A1,LOSS
RARS2,LOSS
ORC3,LOSS
AKIRIN2,LOSS
SPACA1,LOSS
CNR1,LOSS
RNGTT,LOSS
RNGTT,GAIN
PNRC1,GAIN
SRSF12,GAIN
PM20D2,GAIN
GABRR1,GAIN
GABRR2,GAIN
UBE2J1,GAIN
RRAGD,GAIN
ANKRD6,GAIN
LYRM2,GAIN
MDN1,GAIN
CASP8AP2,GAIN
GJA10,GAIN
BACH2,GAIN
BACH2,LOSS
POU3F2,LOH
FAXC,LOH
COQ3,LOH
USP45,LOH
TSTD3,LOH
CCNC,LOH
PRDM13,LOH
MCHR2,LOH
ASCC3,LOH
GRIK2,LOH
GRIK2,LOSS
RPS6KA2,GAIN
UNC93A,GAIN
TCP10,GAIN
HGC6.3,GAIN
FRMD1,GAIN
DACT2,GAIN
SMOC2,GAIN
THBS2,GAIN
WDR27,GAIN
C6orf120,GAIN
PHF10,GAIN
TCTE3,GAIN
ERMARD,GAIN
DLL1,GAIN
FAM120B,GAIN
PSMB1,GAIN
TBP,GAIN
CLK2P1,LOSS
CCDC126,LOSS
FAM221A,LOSS
STK31,LOSS
NPY,LOSS
MPP6,LOSS
OSBPL3,LOSS
CYCS,LOSS
C7orf31,LOSS
NPVF,LOSS
ZNF596,LOH
FAM87A,LOH
FBXO25,LOH
TDRP,LOH
ERICH1,LOH
DLGAP2,LOH
ARHGEF10,LOH
KBTBD11,LOH
MYOM2,LOH
CSMD1,LOH
MCPH1,LOH
AGPAT5,LOH
XKR5,LOH
DEFA6,LOH
DEFA4,LOH
DEFA1,LOH
DEFA5,LOH
FAM66B,GAIN
CLDN23,LOH
PPP1R3B,LOH
TNKS,LOH
MSRA,LOH
PRSS55,LOH
RP1L1,LOH
SOX7,LOH
XKR6,LOH
MTMR9,LOH
SLC35G5,LOH
TDH,LOH
BLK,LOH
GATA4,LOH
C8orf49,LOH
NEIL2,LOH
FDFT1,LOH
CTSB,LOH
DEFB136,LOH
DEFB135,LOH
DEFB134,LOH
ZNF705D,LOH
ZNF705D,GAIN
FAM66D,GAIN
FAM86B1,GAIN
FAM86B1,LOH
FAM66A,LOH
FAM90A25P,LOH
FAM86B2,LOH
LOC729732,LOH
LONRF1,LOH
DLC1,LOH
C8orf48,LOH
SGCZ,LOH
TUSC3,LOH
MSR1,LOH
MICU3,LOH
CNOT7,LOH
VPS37A,LOH
MTMR7,LOH
SLC7A2,LOH
PDGFRL,LOH
MTUS1,LOH
PCM1,LOH
ASAH1,LOH
NAT1,LOH
NAT2,LOH
PSD3,LOH
SH2D4A,LOH
LPL,LOH
SLC18A1,LOH
ATP6V1B2,LOH
DOK2,LOH
XPO7,LOH
NPM2,LOH
FGF17,LOH
DMTN,LOH
FAM160B2,LOH
NUDT18,LOH
REEP4,LOH
LGI3,LOH
SFTPC,LOH
PHYHIP,LOH
SLC39A14,LOH
PPP3CC,LOH
SORBS3,LOH
PDLIM2,LOH
C8orf58,LOH
BIN3,LOH
EGR3,LOH
PEBP4,LOH
RHOBTB2,LOH
CHMP7,LOH
LOXL2,LOH
NKX3-1,LOH
NKX2-6,LOH
STC1,LOH
ADAM28,LOH
NEFM,LOH
NEFL,LOH
GNRH1,LOH
KCTD9,LOH
CDCA2,LOH
EBF2,LOH
PPP2R2A,LOH
PNMA2,LOH
DPYSL2,LOH
ADRA1A,LOH
STMN4,LOH
TRIM35,LOH
PTK2B,LOH
CHRNA2,LOH
EPHX2,LOH
CCDC25,LOH
PBK,LOH
SCARA5,LOH
NUGGC,LOH
ELP3,LOH
PNOC,LOH
ZNF395,LOH
FZD3,LOH
EXTL3,LOH
INTS9,LOH
HMBOX1,LOH
KIF13B,LOH
DUSP4,LOH
RBPMS-AS1,LOH
RBPMS,LOH
GTF2E2,LOH
GSR,LOH
UBXN8,LOH
PPP2CB,LOH
TEX15,LOH
PURG,LOH
WRN,LOH
NRG1,LOH
RNF122,LOH
DUSP26,LOH
KCNU1,LOH
LINC01605,LOH
ZNF703,LOH
BRF2,LOH
GOT1L1,LOH
ADRB3,LOH
ASH2L,LOH
STAR,LOH
LSM1,LOH
BAG4,LOH
DDHD2,LOH
LETM2,LOH
FGFR1,LOH
C8orf86,LOH
RNF5P1,LOH
TACC1,LOH
PLEKHA2,LOH
HTRA4,LOH
TM2D2,LOH
ADAM9,LOH
ADAM32,LOH
ADAM3A,LOH
ADAM18,LOH
ADAM2,LOH
IDO2,LOH
ZMAT4,LOH
SFRP1,LOH
GOLGA7,LOH
GINS4,LOH
ANK1,LOH
KAT6A,LOH
AP3M2,LOH
PLAT,LOH
IKBKB,LOH
POLB,LOH
DKK4,LOH
VDAC3,LOH
SLC20A2,LOH
SMIM19,LOH
CHRNA6,LOH
THAP1,LOH
RNF170,LOH
HOOK3,LOH
FNTA,LOH
POMK,LOH
HGSNAT,LOH
POTEA,LOH
PXDNL,LOSS
PXDNL,GAIN
ARMC1,GAIN
MTFR1,GAIN
PDE7A,GAIN
DNAJC5B,GAIN
CRH,GAIN
RRS1-AS1,GAIN
ADHFE1,GAIN
C8orf46,GAIN
MYBL1,GAIN
C8orf44-SGK3,GAIN
MCMDC2,GAIN
SNHG6,GAIN
TCF24,GAIN
CSPP1,GAIN
ARFGEF1,GAIN
CPA6,GAIN
C8orf34,GAIN
SULF1,GAIN
SLCO5A1,GAIN
PRDM14,GAIN
TRAM1,GAIN
LACTB2,GAIN
XKR9,GAIN
EYA1,GAIN
EYA1,GAIN
LOC392232,GAIN
KCNB2,GAIN
SBSPON,GAIN
C8orf89,GAIN
RDH10,GAIN
STAU2-AS1,GAIN
STAU2,GAIN
UBE2W,GAIN
TMEM70,GAIN
LY96,GAIN
JPH1,GAIN
GDAP1,GAIN
MIR2052HG,GAIN
PI15,GAIN
CRISPLD1,GAIN
HNF4G,GAIN
ZFHX4,GAIN
PEX2,GAIN
PKIA,GAIN
ZC2HC1A,GAIN
IL7,GAIN
STMN2,GAIN
HEY1,GAIN
TPD52,GAIN
ZBTB10,GAIN
ZNF704,GAIN
PAG1,GAIN
ZFAND1,GAIN
CHMP4C,GAIN
SNX16,GAIN
RALYL,GAIN
LRRCC1,GAIN
C8orf59,GAIN
CA13,GAIN
CA3,GAIN
CA2,GAIN
REXO1L2P,GAIN
GRHL2,GAIN
MYC,GAIN
PVT1,GAIN
CCDC26,GAIN
GSDMC,GAIN
FAM49B,GAIN
ASAP1,GAIN
EFR3A,GAIN
LRRC6,GAIN
TMEM71,GAIN
PHF20L1,GAIN
TG,GAIN
TSNARE1,GAIN
JRK,GAIN
PSCA,GAIN
THEM6,GAIN
SLURP1,GAIN
LY6D,GAIN
CYP11B2,GAIN
LY6E,GAIN
C8orf31,GAIN
GPIHBP1,GAIN
GLI4,GAIN
ZNF696,GAIN
TOP1MT,GAIN
RHPN1-AS1,GAIN
RHPN1,GAIN
MAFA,GAIN
ZC3H3,GAIN
EEF1D,GAIN
TIGD5,GAIN
TSTA3,GAIN
ZNF623,GAIN
MAPK15,GAIN
PUF60,GAIN
NRBP2,GAIN
EPPK1,GAIN
PLEC,GAIN
PARP10,GAIN
OPLAH,GAIN
EXOSC4,GAIN
GPAA1,GAIN
CYC1,GAIN
SHARPIN,GAIN
HGH1,GAIN
MROH1,GAIN
BOP1,GAIN
HSF1,GAIN
DGAT1,GAIN
SCRT1,GAIN
TMEM249,GAIN
SLC52A2,GAIN
ADCK5,GAIN
CPSF1,GAIN
SLC39A4,GAIN
VPS28,GAIN
TONSL,GAIN
KIFC2,GAIN
FOXH1,GAIN
MFSD3,GAIN
RECQL4,GAIN
LRRC14,GAIN
LRRC24,GAIN
ARHGAP39,GAIN
ZNF251,GAIN
ZNF34,GAIN
RPL8,GAIN
ZNF7,GAIN
ZNF250,GAIN
ZNF16,GAIN
ZNF252P,GAIN
ZNF252P,GAIN
C8orf33,GAIN
DMRTA1,LOH
ELAVL2,LOH
TUSC1,LOH
CAAP1,LOH
PLAA,LOH
IFT74,LOH
TEK,LOH
EQTN,LOH
MOB3B,LOH
C9orf72,LOH
LINGO2,LOH
ACO1,LOH
DDX58,LOH
TOPORS,LOH
NDUFB6,LOH
TAF1L,LOH
TMEM215,LOH
SMU1,LOH
BAG1,LOH
CHMP5,LOH
NFX1,LOH
AQP7,LOH
AQP3,LOH
NOL6,LOH
ANKRD18B,LOH
ANXA2P2,LOH
PTENP1,LOH
PRSS3,LOH
UBE2R2,LOH
UBAP2,LOH
DCAF12,LOH
UBAP1,LOH
KIF24,LOH
NUDT2,LOH
C9orf24,LOH
FAM219A,LOH
DNAI1,LOH
ENHO,LOH
CNTFR,LOH
RPP25L,LOH
DCTN3,LOH
ARID3C,LOH
SIGMAR1,LOH
IL11RA,LOH
CCL19,LOH
CCL21,LOH
FAM205A,LOH
FAM205BP,LOH
DNAJB5,LOH
C9orf131,LOH
VCP,LOH
FANCG,LOH
PIGO,LOH
STOML2,LOH
FAM214B,LOH
UNC13B,LOH
RUSC2,LOH
FAM166B,LOH
TESK1,LOH
SIT1,LOH
CCDC107,LOH
CA9,LOH
TLN1,LOH
CREB3,LOH
SPAG8,LOH
HINT2,LOH
TMEM8B,LOH
HRCT1,LOH
OR2S2,LOH
GLIPR2,LOH
CCIN,LOH
RNF38,LOH
MELK,LOH
PAX5,LOH
ZCCHC7,LOH
GRHPR,LOH
ZBTB5,LOH
POLR1E,LOH
FBXO10,LOH
SHB,LOH
ALDH1B1,LOH
IGFBPL1,LOH
CNTNAP3,LOH
LOC554249,LOH
ANKRD20A3,LOH
LOC554249,GAIN
LINC01189,GAIN
LOC728673,GAIN
ANKRD20A3,GAIN
AQP7P3,GAIN
FOXD4L5,GAIN
CBWD5,GAIN
FOXD4L4,GAIN
MVB12B,LOH
LMX1B,LOH
ZBTB43,LOH
ZBTB34,LOH
RALGPS1,LOH
GARNL3,LOH
SLC2A8,LOH
ZNF79,LOH
RPL12,LOH
LRSAM1,LOH
FAM129B,LOH
STXBP1,LOH
MIR1268A,LOH
ZMYND11,LOH
DIP2C,LOH
LARP4B,LOH
IDI2,LOH
IDI2-AS1,LOH
IDI1,LOH
ADARB2,LOH
PFKP,LOH
PITRM1,LOH
KLF6,LOH
AKR1E2,GAIN
AKR1C2,GAIN
AKR1C3,GAIN
AKR1C8P,LOH
AKR1C4,LOH
UCN3,LOH
TUBAL3,LOH
NET1,LOH
CALML5,LOH
ASB13,LOH
FAM208B,LOH
GDI2,LOH
ANKRD16,LOH
FBXO18,LOH
IL15RA,LOH
IL2RA,LOH
RBM17,LOH
PFKFB3,LOH
PRKCQ,LOH
SFMBT2,LOH
ITIH5,LOH
ITIH2,LOH
KIN,LOH
GATA3,LOH
CELF2,LOH
ECHDC3,LOH
PROSER2,LOH
UPF2,LOH
DHTKD1,LOH
SEC61A2,LOH
NUDT5,LOH
CDC123,LOH
CAMK1D,LOH
CCDC3,LOH
OPTN,LOH
MCM10,LOH
UCMA,LOH
SEPHS1,LOH
PRPF18,LOH
FRMD4A,LOH
FAM107B,LOH
HSPA14,LOH
SUV39H2,LOH
SUV39H2,LOH
DCLRE1C,LOH
MEIG1,LOH
NMT2,LOH
FAM171A1,LOH
ITGA8,LOH
PTER,LOH
C1QL3,LOH
RSU1,LOH
CUBN,LOH
TRDMT1,LOH
VIM,LOH
ST8SIA6,LOH
HACD1,LOH
STAM,LOH
MRC1,LOH
SLC39A12,LOH
CACNB2,LOH
NSUN6,LOH
MALRD1,LOH
MLLT10,GAIN
MLLT10,LOH
ACTR3BP5,GAIN
PHYHIPL,LOH
FAM13C,LOH
CCDC6,LOH
ANK3,LOH
CDK1,LOH
RHOBTB1,LOH
TMEM26,LOH
ARID5B,LOH
ZNF365,LOH
ADO,LOH
EGR2,LOH
NRBF2,LOH
JMJD1C,LOH
REEP3,LOH
ANXA2P3,LOH
CTNNA3,LOH
DNAJC12,LOH
SIRT1,LOH
HERC4,LOH
MYPN,LOH
ATOH7,LOH
PBLD,LOH
HNRNPH3,LOH
RUFY2,LOH
DNA2,LOH
SLC25A16,LOH
TET1,LOH
CCAR1,LOH
STOX1,LOH
DDX50,LOH
DDX21,LOH
SRGN,LOH
SUPV3L1,LOH
HKDC1,LOH
HK1,LOH
TACR2,LOH
TSPAN15,LOH
NEUROG3,LOH
COL13A1,LOH
H2AFY2,LOH
AIFM2,LOH
TYSND1,LOH
SAR1A,LOH
PPA1,LOH
NPFFR1,LOH
LRRC20,LOH
EIF4EBP2,LOH
NODAL,LOH
PALD1,LOH
PRF1,LOH
ADAMTS14,LOH
TBATA,LOH
SGPL1,LOH
PCBD1,LOH
UNC5B,LOH
SLC29A3,LOH
CDH23,LOH
PSAP,LOH
CHST3,LOH
SPOCK2,LOH
ASCC1,LOH
ANAPC16,LOH
DDIT4,LOH
DNAJB12,LOH
MICU1,LOH
MCU,LOH
OIT3,LOH
P4HA1,LOH
NUDT13,LOH
ECD,LOH
CFAP70,LOH
ANXA7,LOH
MSS51,LOH
PPP3CB,LOH
MYOZ1,LOH
SYNPO2L,LOH
SEC24C,LOH
FUT11,LOH
CHCHD1,LOH
ZSWIM8,LOH
NDST2,LOH
CAMK2G,LOH
C10orf55,LOH
VCL,LOH
AP3M1,LOH
ADK,LOH
DUPD1,LOH
DUSP13,LOH
SAMD8,LOH
VDAC2,LOH
COMTD1,LOH
ZNF503,LOH
DLG5,LOH
DLG5-AS1,LOH
POLR3A,LOH
RPS24,LOH
ZMIZ1,LOH
PPIF,LOH
ZCCHC24,LOH
EIF5AL1,LOH
SFTPA2,LOH
SFTPA1,LOH
BMS1P21,LOH
SFTPD,LOH
TMEM254,LOH
MAT1A,LOH
DYDC1,LOH
DYDC2,LOH
FAM213A,LOH
SH2D4B,LOH
NRG3,LOH
GHITM,LOH
C10orf99,LOH
CDHR1,LOH
LRIT2,LOH
LRIT1,LOH
CCSER2,LOH
GRID1,LOH
LDB3,LOH
MMRN2,LOH
AGAP11,LOH
FAM25A,LOH
GLUD1,LOH
FAM35A,LOH
NUTM2D,LOH
MINPP1,LOH
PAPSS2,LOH
TRIM8,LOH
CYP17A1,LOH
CALHM2,LOH
CALHM3,LOH
NEURL1,LOH
SH3PXD2A,LOH
SLK,LOH
COL17A1,LOH
SFR1,LOH
CFAP43,LOH
GSTO1,LOH
GSTO2,LOH
ITPRIP,LOH
CFAP58,LOH
SORCS3,LOH
SORCS1,LOH
XPNPEP1,LOH
ADD3,LOH
MXI1,LOH
SMNDC1,LOH
DUSP5,LOH
SMC3,LOH
RBM20,LOH
PDCD4,LOH
BBIP1,LOH
SHOC2,LOH
ADRA2A,LOH
GPAM,LOH
TECTB,LOH
ZDHHC6,LOH
VTI1A,LOH
TCF7L2,LOH
HABP2,LOH
NRAP,LOH
CASP7,LOH
PLEKHS1,LOH
DCLRE1A,LOH
ADRB1,LOH
VWA2,LOH
AFAP1L2,LOH
ABLIM1,LOH
FAM160B1,LOH
TRUB1,LOH
ATRNL1,LOH
GFRA1,LOH
CCDC172,LOH
PNLIPRP3,LOH
PNLIP,LOH
PNLIPRP1,LOH
PNLIPRP2,LOH
C10orf82,LOH
HSPA12A,LOH
ENO4,LOH
VAX1,LOH
KCNK18,LOH
PDZD8,LOH
EMX2,LOH
RAB11FIP2,LOH
PRLHR,LOH
CACUL1,LOH
NANOS1,LOH
FAM45A,LOH
SFXN4,LOH
PRDX3,LOH
GRK5,LOH
RGS10,LOH
TIAL1,LOH
BAG3,LOH
INPP5F,LOH
MCMBP,LOH
SEC23IP,LOH
OAT,GAIN
LHPP,GAIN
CTBP2,GAIN
EDRF1,GAIN
MMP21,GAIN
UROS,GAIN
BCCIP,GAIN
DHX32,GAIN
ADAM12,GAIN
C10orf90,GAIN
NPS,GAIN
FOXI2,GAIN
CLRN3,GAIN
PTPRE,GAIN
MKI67,GAIN
MGMT,GAIN
EBF3,GAIN
CTAGE7P,GAIN
TCERG1L,GAIN
LINC01164,GAIN
PPP2R2D,GAIN
BNIP3,GAIN
JAKMIP3,GAIN
RIC8A,LOH
SIRT3,LOH
PSMD13,LOH
IFITM5,LOH
IFITM2,LOH
IFITM3,LOH
B4GALNT4,LOH
PKP3,LOH
SIGIRR,LOH
ANO9,LOH
PTDSS2,LOH
RNH1,LOH
HRAS,LOH
LRRC56,LOH
LMNTD2,LOH
RASSF7,LOH
MIR210HG,LOH
LOC143666,LOH
PHRF1,LOH
IRF7,LOH
CDHR5,LOH
SCT,LOH
DRD4,LOH
DEAF1,LOH
EPS8L2,LOH
TALDO1,LOH
LOC171391,LOH
CEND1,LOH
SLC25A22,LOH
PIDD1,LOH
RPLP2,LOH
PNPLA2,LOH
POLR2L,LOH
TSPAN4,LOH
CHID1,LOH
AP2A2,LOH
MUC6,LOH
MUC2,LOH
MUC5AC,LOH
MUC5B,LOH
TOLLIP,LOH
BRSK2,LOH
DUSP8,LOH
KRTAP5-3,LOH
KRTAP5-4,LOH
KRTAP5-5,LOH
KRTAP5-6,LOH
IFITM10,LOH
CTSD,LOH
TNNI2,LOH
LSP1,LOH
TNNT3,LOH
MRPL23,LOH
H19,LOH
INS-IGF2,LOH
TH,LOH
ASCL2,LOH
C11orf21,LOH
TSPAN32,LOH
CD81-AS1,LOH
CD81,LOH
TSSC4,LOH
TRPM5,LOH
KCNQ1,LOH
CDKN1C,LOH
SLC22A18,LOH
PHLDA2,LOH
NAP1L4,LOH
CARS,LOH
OSBPL5,LOH
MRGPRE,LOH
ZNF195,LOH
TSSC2,LOH
ART5,LOH
ART1,LOH
CHRNA10,LOH
NUP98,LOH
PGAP2,LOH
RHOG,LOH
STIM1,LOH
RRM1,LOH
OR52B4,LOH
TRIM21,LOH
OR52K2,LOH
OR52K1,LOH
OR52M1,LOH
C11orf40,LOH
OR52I2,LOH
TRIM68,LOH
OR51D1,LOH
OR51E2,LOH
MMP26,LOH
OR51L1,LOH
OR52J3,LOH
OR52E2,LOH
OR52A5,LOH
OR51V1,LOH
HBB,LOH
HBD,LOH
HBBP1,LOH
HBG1,LOH
OR56A3,LOH
OR56A5,LOH
OR52L1,LOH
OR56A1,LOH
OR56B4,LOH
OR52W1,LOH
C11orf42,LOH
FAM160A2,LOH
CNGA4,LOH
CCKBR,LOH
SMPD1,LOH
APBB1,LOH
HPX,LOH
TRIM3,LOH
TRIM3,LOSS
ARFIP2,LOSS
DNHD1,LOSS
DNHD1,LOH
COMMD9,LOSS
PRR5L,LOH
SHANK2,GAIN
SHANK2,LOH
FLJ42102,LOH
DHCR7,LOH
KRTAP5-7,LOH
KRTAP5-8,LOH
KRTAP5-9,LOH
FAM86C1,LOH
ZNF705E,LOH
DEFB108B,LOH
RNF121,LOH
NUMA1,LOH
LRTOMT,LOH
ANAPC15,LOH
FOLR3,LOH
INPPL1,LOH
PHOX2A,LOH
CLPB,LOH
LINC01537,LOH
PDE2A,LOH
FCHSD2,LOH
P2RY2,LOH
P2RY6,LOH
ARHGEF17,LOH
RELT,LOH
FAM168A,LOH
PLEKHB1,LOH
RAB6A,LOH
COA4,LOH
PAAF1,LOH
DNAJB13,LOH
UCP2,LOH
UCP3,LOH
C2CD3,LOH
PPME1,LOH
PGM2L1,LOH
POLD3,LOH
CHRDL2,LOH
RNF169,LOH
XRRA1,LOH
SPCS2,LOH
OR2AT4,LOH
SLCO2B1,LOH
TPBGL,LOH
ARRB1,LOH
RPS3,LOH
KLHL35,LOH
SERPINH1,LOH
MOGAT2,LOH
DGAT2,LOH
UVRAG,LOH
WNT11,LOH
LRRC32,LOH
GUCY2EP,LOH
TSKU,LOH
ACER3,LOH
B3GNT6,LOH
CAPN5,LOH
MYO7A,LOH
GDPD4,LOH
PAK1,LOH
CLNS1A,LOH
INTS4,LOH
ALG8,LOH
USP35,LOH
GAB2,LOH
NARS2,LOH
FAM181B,LOH
RAB30,LOH
ANKRD42,LOH
CCDC90B,LOH
DLG2,LOH
TMEM126B,LOH
TMEM126A,LOH
CCDC89,LOH
SYTL2,LOH
CCDC83,LOH
PICALM,LOH
EED,LOH
CCDC81,LOH
ME3,LOH
PRSS23,LOH
FZD4,LOH
TMEM135,LOH
RAB38,LOH
CTSC,LOH
GRM5,LOH
TYR,LOH
NOX4,LOH
TRIM77,LOH
TRIM49,LOH
TRIM53AP,LOH
TRIM64B,LOH
TRIM49D1,LOH
TRIM64,LOH
UBTFL1,LOH
NAALAD2,LOH
CHORDC1,LOH
DISC1FP1,LOH
FAT3,LOH
SLC36A4,LOH
CEP295,LOH
HEPHL1,LOH
PANX1,LOH
IZUMO1R,LOH
GPR83,LOH
C11orf97,LOH
AMOTL1,LOH
CWC15,LOH
KDM4D,LOH
KDM4E,LOH
SRSF8,LOH
ENDOD1,LOH
SESN3,LOH
FAM76B,LOH
CEP57,LOH
MTMR2,LOH
MAML2,LOH
CCDC82,LOH
JRKL,LOH
IQSEC3,GAIN
IPO8,GAIN
CAPRIN2,GAIN
TSPAN11,GAIN
DDX11,GAIN
DENND5B,GAIN
AMN1,GAIN
H3F3C,GAIN
KIAA1551,GAIN
MYBPC1,LOH
CHPT1,LOH
SYCP3,LOH
GNPTAB,LOH
DRAM1,LOH
NUP37,LOH
PARPBP,LOH
PMCH,LOH
IGF1,LOH
ASCL1,LOH
C12orf42,LOH
STAB2,LOH
NT5DC3,LOH
TTC41P,LOH
HSP90B1,LOH
TDG,LOH
GLT8D2,LOH
HCFC2,LOH
NFYB,LOH
TXNRD1,LOH
CHST11,LOH
SLC41A2,LOH
ALDH1L2,LOH
APPL2,LOH
NUAK1,LOH
CKAP4,LOH
TCP11L2,LOH
POLR3B,LOH
RIC8B,LOH
TMEM263,LOH
MTERF2,LOH
CRY1,LOH
BTBD11,LOH
PRDM4,LOH
ASCL4,LOH
WSCD2,LOH
CMKLR1,LOH
SART3,LOH
ISCU,LOH
TMEM119,LOH
SELPLG,LOH
CORO1C,LOH
SSH1,LOH
SVOP,LOH
USP30,LOH
ALKBH2,LOH
UNG,LOH
FOXN4,LOH
UBE3B,LOH
MVK,LOH
FAM222A,LOH
TRPV4,LOH
GLTP,LOH
GIT2,LOH
ANKRD13A,LOH
IFT81,LOH
ATP2A2,LOH
ANAPC7,LOH
ARPC3,LOH
GPN3,LOH
FAM216A,LOH
RAD9B,LOH
HVCN1,LOH
PPP1CC,LOH
CCDC63,LOH
MYL2,LOH
CUX2,LOH
FAM109A,LOH
SH2B3,LOH
ATXN2,LOH
BRAP,LOH
ACAD10,LOH
ALDH2,LOH
MAPKAPK5,LOH
ADAM1A,LOH
TMEM116,LOH
ERP29,LOH
NAA25,LOH
TRAFD1,LOH
HECTD4,LOH
RPL6,LOH
PTPN11,LOH
RPH3A,LOH
DTX1,LOH
RASAL1,LOH
DDX54,LOH
RITA1,LOH
IQCD,LOH
TPCN1,LOH
SLC8B1,LOH
PLBD2,LOH
SDS,LOH
RBM19,LOH
TBX5,LOH
TBX3,LOH
MED13L,LOH
LINC00173,LOH
MAP1LC3B2,LOH
C12orf49,LOH
RNFT2,LOH
FBXW8,LOH
TESC,LOH
FBXO21,LOH
NOS1,LOH
RFC5,LOH
WSB2,LOH
VSIG10,LOH
PEBP1,LOH
TAOK3,LOH
SRRM4,LOH
HSPB8,LOH
LINC00934,LOH
CCDC60,LOH
PRKAB1,LOH
CIT,LOH
RAB35,LOH
RPLP0,LOH
PXN,LOH
SIRT4,LOH
PLA2G1B,LOH
MSI1,LOH
GATC,LOH
DYNLL1,LOH
COQ5,LOH
RNF10,LOH
POP5,LOH
CABP1,LOH
MLEC,LOH
UNC119B,LOH
ACADS,LOH
SPPL3,LOH
HNF1A,LOH
C12orf43,LOH
OASL,LOH
P2RX7,LOH
P2RX4,LOH
CAMKK2,LOH
ANAPC5,LOH
KDM2B,LOH
ORAI1,LOH
MORN3,LOH
TMEM120B,LOH
SETD1B,LOH
HPD,LOH
WDR66,LOH
MLXIP,LOH
LRRC43,LOH
CLIP1,LOH
ZCCHC8,LOH
RSRC2,LOH
KNTC1,LOH
DENR,LOH
HIP1R,LOH
VPS37B,LOH
ABCB9,LOH
ARL6IP4,LOH
PITPNM2,LOH
MPHOSPH9,LOH
C12orf65,LOH
CDK2AP1,LOH
SBNO1,LOH
RILPL2,LOH
SNRNP35,LOH
RILPL1,LOH
TMED2,LOH
DDX55,LOH
EIF2B1,LOH
GTF2H3,LOH
TCTN2,LOH
ATP6V0A2,LOH
CCDC92,LOH
NCOR2,LOH
DHX37,LOH
BRI3BP,LOH
AACS,LOH
TMEM132B,LOH
TMEM132C,LOH
SLC15A4,LOH
GLT1D1,LOH
TMEM132D,LOH
FZD10,LOH
PIWIL1,LOH
RIMBP2,LOH
STX2,LOH
RAN,LOH
ADGRD1,LOH
SFSWAP,LOH
MMP17,LOH
PUS1,LOH
EP400,LOH
DDX51,LOH
NOC4L,LOH
GALNT9,LOH
LRCOL1,LOH
P2RX2,LOH
POLE,LOH
PXMP2,LOH
PGAM5,LOH
ANKLE2,LOH
GOLGA3,LOH
CHFR,LOH
ZNF605,LOH
ZNF26,LOH
ZNF84,LOH
ZNF140,LOH
ZNF10,LOH
ZNF268,LOH
PCDH8,LOSS
OLFM4,LOSS
PRR20A,LOSS
DIAPH3,LOSS
TDRD3,LOSS
PCDH9,LOH
KLHL1,LOH
DACH1,LOH
MZT1,LOH
BORA,LOH
DIS3,LOH
PIBF1,LOH
KLF5,LOH
KLF12,LOH
CTAGE11P,LOH
TBC1D4,LOH
COMMD6,LOH
LMO7,LOH
LMO7DN,LOH
KCTD12,LOH
CLN5,LOH
FBXL3,LOH
MYCBP2,LOH
SCEL,LOH
SLAIN1,LOH
EDNRB,LOH
RNF219,LOH
RBM26,LOH
NDFIP2,LOH
SPRY2,LOH
SLITRK1,LOH
SLITRK6,LOH
SLITRK5,LOH
MIR17HG,LOH
GPC5,LOH
GPC6,LOH
TGDS,LOH
GPR180,LOH
SOX21,LOH
ABCC4,LOH
CLDN10,LOH
DZIP1,LOH
DNAJC3,LOH
UGGT2,LOH
HS6ST3,LOH
OXGR1,LOH
IPO5,LOH
FARP1,LOH
STK24,LOH
SLC15A1,LOH
DOCK9,LOH
UBAC2,LOH
TM9SF2,LOH
CLYBL,LOH
ZIC5,LOH
ZIC2,LOH
PCCA,LOH
GGACT,LOH
TMTC4,LOH
NALCN,LOH
ITGBL1,LOH
FGF14,LOH
TPP2,LOH
METTL21C,LOH
CCDC168,LOH
TEX30,LOH
KDELC1,LOH
BIVM,LOH
BIVM-ERCC5,LOH
SLC10A2,LOH
DAOA,LOH
EFNB2,LOH
ARGLU1,LOH
FAM155A,LOH
LIG4,LOH
ABHD13,LOH
TNFSF13B,LOH
MYO16,LOH
IRS2,LOH
COL4A1,LOH
COL4A2,LOH
RAB20,LOH
CARS2,LOH
ING1,LOH
ANKRD10,LOH
ARHGEF7,LOH
TEX29,LOH
SOX1,LOH
SPACA7,LOH
TUBGCP3,LOH
ATP11AUN,LOH
ATP11A,LOH
MCF2L,LOH
F7,LOH
F10,LOH
PROZ,LOH
PCID2,LOH
CUL4A,LOH
LAMP1,LOH
GRTP1,LOH
ADPRHL1,LOH
DCUN1D2,LOH
TMCO3,LOH
TFDP1,LOH
ATP4B,LOH
GRK1,LOH
TMEM255B,LOH
GAS6,LOH
LINC00452,LOH
RASA3,LOH
CDC16,LOH
UPF3A,LOH
CHAMP1,LOH
DUXAP10,GAIN
POTEM,GAIN
C14orf39,LOH
SIX4,LOH
SLC38A6,LOH
HIF1A,LOH
SNAPC1,LOH
SYT16,LOH
LINC00643,LOH
KCNH5,LOH
RHOJ,LOH
GPHB5,LOH
WDR89,LOH
SGPP1,LOH
SYNE2,LOH
ZBTB25,LOH
ZBTB1,LOH
HSPA2,LOH
PPP1R36,LOH
CHURC1-FNTB,LOH
CHURC1-FNTB,GAIN
EIF2B2,GAIN
MLH3,GAIN
ACYP1,GAIN
ZC2HC1C,GAIN
NEK9,GAIN
TMED10,GAIN
FOS,GAIN
BATF,GAIN
FLVCR2,GAIN
TTLL5,GAIN
CHEK2P2,LOH
NBEAP1,LOH
GOLGA8DP,LOH
GOLGA6L1,LOH
WHAMMP3,LOH
NIPA2,LOH
CYFIP1,LOH
TUBGCP5,LOH
GOLGA6L22,LOH
GOLGA8J,LOH
RPH3AL,GAIN
VPS53,GAIN
FAM57A,GAIN
GEMIN4,GAIN
DBIL5P,GAIN
GLOD4,GAIN
NXN,GAIN
ABR,GAIN
BHLHA9,GAIN
TUSC5,GAIN
MYO1C,GAIN
INPP5K,GAIN
PITPNA,GAIN
SLC43A2,GAIN
SCARF1,GAIN
RILP,GAIN
PRPF8,GAIN
MIR22HG,GAIN
WDR81,GAIN
SERPINF2,GAIN
SERPINF1,GAIN
SMYD4,GAIN
RPA1,GAIN
RTN4RL1,GAIN
HIC1,GAIN
SMG6,GAIN
TSR1,GAIN
SGSM2,GAIN
METTL16,GAIN
PAFAH1B1,GAIN
RAP1GAP2,GAIN
OR1D5,GAIN
OR1D2,GAIN
OR1G1,GAIN
OR1A2,GAIN
OR1A1,GAIN
OR1D4,GAIN
OR3A2,GAIN
OR3A3,GAIN
OR1E2,GAIN
TRPV3,GAIN
TRPV1,GAIN
SHPK,GAIN
CTNS,GAIN
ITGAE,GAIN
CAMKK1,GAIN
P2RX1,GAIN
ATP2A3,GAIN
ZZEF1,GAIN
ANKFY1,GAIN
UBE2G1,GAIN
SPNS2,GAIN
GGT6,GAIN
SMTNL2,GAIN
PELP1,GAIN
ARRB2,GAIN
MED11,GAIN
CXCL16,GAIN
ZMYND15,GAIN
TM4SF5,GAIN
VMO1,GAIN
GLTPD2,GAIN
PSMB6,GAIN
PLD2,GAIN
MINK1,GAIN
CHRNE,GAIN
GP1BA,GAIN
SLC25A11,GAIN
RNF167,GAIN
PFN1,GAIN
ENO3,GAIN
SPAG7,GAIN
CAMTA2,GAIN
INCA1,GAIN
KIF1C,GAIN
ZFP3,GAIN
ZNF232,GAIN
USP6,GAIN
ZNF594,GAIN
RABEP1,GAIN
RPAIN,GAIN
DHX33,GAIN
DERL2,GAIN
MIS12,GAIN
AIPL1,GAIN
PITPNM3,GAIN
KIAA0753,GAIN
TXNDC17,GAIN
MED31,GAIN
ALOX15P1,GAIN
SLC13A5,GAIN
XAF1,GAIN
FBXO39,GAIN
BCL6B,GAIN
SLC16A13,GAIN
SLC16A11,GAIN
CLEC10A,GAIN
ASGR2,GAIN
ASGR1,GAIN
DLG4,GAIN
ACADVL,GAIN
DVL2,GAIN
PHF23,GAIN
SLC2A4,GAIN
YBX2,GAIN
EIF5A,GAIN
ACAP1,GAIN
KCTD11,GAIN
TMEM95,GAIN
TNK1,GAIN
NLGN2,GAIN
CHRNB1,GAIN
ZBTB4,GAIN
POLR2A,GAIN
TNFSF13,GAIN
CD68,GAIN
MPDU1,GAIN
FXR2,GAIN
SHBG,GAIN
ATP1B2,GAIN
TP53,GAIN
WRAP53,GAIN
EFNB3,GAIN
DNAH2,GAIN
KDM6B,GAIN
TMEM88,GAIN
CHD3,GAIN
KCNAB3,GAIN
TRAPPC1,GAIN
CNTROB,GAIN
ALOX15B,GAIN
ALOX12B,GAIN
ALOXE3,GAIN
HES7,GAIN
PER1,GAIN
TMEM107,GAIN
AURKB,GAIN
CTC1,GAIN
PFAS,GAIN
ARHGEF15,GAIN
ODF4,GAIN
RNF222,GAIN
MYH10,GAIN
CCDC42,GAIN
SPDYE4,GAIN
MFSD6L,GAIN
PIK3R6,GAIN
PIK3R5,GAIN
NTN1,GAIN
STX8,GAIN
CFAP52,GAIN
DHRS7C,GAIN
GLP2R,GAIN
GAS7,GAIN
MYHAS,GAIN
MYH3,GAIN
SCO1,GAIN
TMEM220,GAIN
PIRT,GAIN
SHISA6,GAIN
DNAH9,GAIN
ZNF18,GAIN
MAP2K4,GAIN
MYOCD,GAIN
ARHGAP44,GAIN
ELAC2,GAIN
HS3ST3A1,GAIN
COX10,GAIN
CDRT15,GAIN
HS3ST3B1,GAIN
PMP22,GAIN
TEKT3,GAIN
CDRT1,GAIN
ZNF286A,GAIN
TBC1D26,GAIN
CDRT15P2,GAIN
MEIS3P1,GAIN
ADORA2B,GAIN
ZSWIM7,GAIN
TTC19,GAIN
NCOR1,GAIN
CENPV,GAIN
UBB,GAIN
TRPV2,GAIN
LRRC75A,GAIN
ZNF287,GAIN
ZNF624,GAIN
KRT16P2,GAIN
MPRIP,GAIN
FLCN,GAIN
COPS3,GAIN
NT5M,GAIN
MED9,GAIN
RASD1,GAIN
PEMT,GAIN
RAI1,GAIN
SREBF1,GAIN
TOM1L2,GAIN
ATPAF2,GAIN
GID4,GAIN
DRG2,GAIN
MYO15A,GAIN
ALKBH5,GAIN
LLGL1,GAIN
FLII,GAIN
MIEF2,GAIN
TOP3A,GAIN
SMCR8,GAIN
SHMT1,GAIN
EVPLL,GAIN
KRT17P5,GAIN
KRT16P1,GAIN
CCDC144B,GAIN
TBC1D28,GAIN
ZNF286B,GAIN
FBXW10,GAIN
TVP23B,GAIN
PRPSAP2,GAIN
GRAP,GAIN
GRAP,LOSS
WSB1,LOH
LGALS9,LOH
NOS2,LOH
PPY2P,LOH
KRT18P55,LOH
TMEM97,LOH
IFT20,LOH
TNFAIP1,LOH
POLDIP2,LOH
TMEM199,LOH
SLC46A1,LOH
SDF2,LOH
PROCA1,LOH
TLCD1,LOH
TRAF4,LOH
FAM222B,LOH
ERAL1,LOH
FLOT2,LOH
DHRS13,LOH
PHF12,LOH
CRYBA1,LOH
NUFIP2,LOH
SSH2,LOH
EFCAB5,LOH
NSRP1,LOH
SLC6A4,LOH
BLMH,LOH
TMIGD1,LOH
CPD,LOH
TBC1D29,LOH
SUZ12P1,LOH
CRLF3,LOH
ATAD5,LOH
TEFM,LOH
ADAP2,LOH
RNF135,LOH
NF1,LOH
COPRS,LOH
SUZ12,LOH
RHOT1,LOH
RHBDL3,LOH
PSMD11,LOH
MYO1D,LOH
ASIC2,LOH
CCL2,LOH
CCL7,LOH
CCL11,LOH
CCL8,LOH
CCL13,LOH
CCL1,LOH
C17orf102,LOH
TMEM132E,LOH
CCT6B,LOH
LIG3,LOH
FNDC8,LOH
NLE1,LOH
UNC45B,LOH
SLC35G3,LOH
SLFN11,LOH
SLFN12,LOH
SLFN13,LOH
SLFN14,LOH
PEX12,LOH
AP2B1,LOH
RASL10B,LOH
GAS2L2,LOH
MMP28,LOH
TAF15,LOH
HEATR9,LOH
RDM1,LOH
LYZL6,LOH
CCL16,LOH
CCL23,LOH
CCL3,LOH
CCL4,LOH
CCL3L3,LOH
CCL4L1,LOH
ZNHIT3,LOH
MYO19,LOH
PIGW,LOH
GGNBP2,LOH
DHRS11,LOH
MRM1,LOH
AATF,LOH
ACACA,LOH
DUSP14,LOH
SYNRG,LOH
DDX52,LOH
HNF1B,LOH
YWHAEP7,LOH
TBC1D3,LOH
MRPL45,LOH
GPR179,LOH
SOCS7,LOH
ARHGAP23,LOH
SRCIN1,LOH
MLLT6,LOH
CISD3,LOH
PSMB3,LOH
PIP4K2B,LOH
C17orf98,LOH
LASP1,LOH
FBXO47,LOH
ARL5C,LOH
CACNB1,LOH
RPL19,LOH
STAC2,LOH
FBXL20,LOH
MED1,LOH
CDK12,LOH
NEUROD2,LOH
STARD3,LOH
PNMT,LOH
PGAP3,LOH
ERBB2,LOH
GRB7,LOH
IKZF3,LOH
ZPBP2,LOH
GSDMB,LOH
ORMDL3,LOH
LRRC3C,LOH
GSDMA,LOH
PSMD3,LOH
CSF3,LOH
MED24,LOH
THRA,LOH
NR1D1,LOH
MSL1,LOH
CASC3,LOH
RAPGEFL1,LOH
RARA,LOH
GJD3,LOH
TOP2A,LOH
IGFBP4,LOH
TNS4,LOH
CCR7,LOH
KRT24,LOH
KRT25,LOH
KRT26,LOH
KRT27,LOH
KRT28,LOH
KRT10,LOH
TMEM99,LOH
KRT12,LOH
KRT20,LOH
KRT40,LOH
KRTAP3-3,LOH
KRTAP3-2,LOH
KRTAP3-1,LOH
KRTAP1-5,LOH
KRTAP1-4,LOH
KRTAP1-3,LOH
KRTAP1-1,LOH
KRTAP2-3,LOH
KRTAP2-4,LOH
KRTAP4-7,LOH
KRTAP4-8,LOH
KRTAP4-9,LOH
KRTAP4-12,LOH
KRTAP4-6,LOH
KRTAP4-5,LOH
KRTAP4-4,LOH
KRTAP4-3,LOH
KRTAP9-2,LOH
KRTAP9-3,LOH
KRTAP9-8,LOH
KRTAP9-4,LOH
KRTAP9-9,LOH
KRTAP29-1,LOH
KRTAP16-1,LOH
KRTAP17-1,LOH
KRT33A,LOH
KRT33B,LOH
KRT34,LOH
KRT31,LOH
KRT37,LOH
KRT38,LOH
KRT32,LOH
KRT35,LOH
KRT13,LOH
KRT19,LOH
KRT9,LOH
KRT14,LOH
KRT16,LOH
JUP,LOH
FKBP10,LOH
NT5C3B,LOH
KLHL10,LOH
KLHL11,LOH
ACLY,LOH
TTC25,LOH
CNP,LOH
DNAJC7,LOH
NKIRAS2,LOH
ZNF385C,LOH
DHX58,LOH
KAT2A,LOH
KCNH4,LOH
HCRT,LOH
GHDC,LOH
STAT5B,LOH
STAT5A,LOH
STAT3,LOH
ATP6V0A1,LOH
NAGLU,LOH
COASY,LOH
MLX,LOH
PSMC3IP,LOH
TUBG1,LOH
TUBG2,LOH
PLEKHH3,LOH
CNTNAP1,LOH
EZH1,LOH
RAMP2,LOH
VPS25,LOH
WNK4,LOH
COA3,LOH
CNTD1,LOH
BECN1,LOH
AOC2,LOH
AOC3,LOH
LINC00671,LOH
G6PC,LOH
RUNDC1,LOH
RPL27,LOH
IFI35,LOH
VAT1,LOH
RND2,LOH
BRCA1,LOH
NBR2,LOH
NBR1,LOH
TMEM106A,LOH
ARL4D,LOH
DHX8,LOH
ETV4,LOH
MEOX1,LOH
SOST,LOH
DUSP3,LOH
MPP3,LOH
CD300LG,LOH
MPP2,LOH
PPY,LOH
PYY,LOH
NAGS,LOH
TMEM101,LOH
LSM12,LOH
G6PC3,LOH
HDAC5,LOH
C17orf53,LOH
ASB16,LOH
TMUB2,LOH
UBTF,LOH
SLC4A1,LOH
RUNDC3A,LOH
SLC25A39,LOH
GRN,LOH
FAM171A2,LOH
ITGA2B,LOH
GPATCH8,LOH
FZD2,LOH
CCDC43,LOH
DBF4B,LOH
GJC1,LOH
HIGD1B,LOH
EFTUD2,LOH
GFAP,LOH
KIF18B,LOH
C1QL1,LOH
DCAKD,LOH
NMT1,LOH
PLCD3,LOH
ACBD4,LOH
HEXIM1,LOH
HEXIM2,LOH
MAP3K14,LOH
ARHGAP27,LOH
PLEKHM1,LOH
MAPT-AS1,LOH
MAPT,LOH
KANSL1,LOH
ARL17A,LOSS
NSF,LOSS
NSF,LOH
WNT3,LOH
CDC27,LOH
EFCAB13,LOH
MRPL45P2,LOH
NPEPPS,LOH
TBKBP1,LOH
TBX21,LOH
MRPL10,LOH
LRRC46,LOH
SCRN2,LOH
SP6,LOH
SP2,LOH
PNPO,LOH
CDK5RAP3,LOH
COPZ2,LOH
NFE2L1,LOH
CBX1,LOH
SNX11,LOH
SKAP1,LOH
HOXB-AS1,LOH
HOXB7,LOH
PRAC1,LOH
TTLL6,LOH
CALCOCO2,LOH
UBE2Z,LOH
GIP,LOH
IGF2BP1,LOH
B4GALNT2,LOH
GNGT2,LOH
ABI3,LOH
PHOSPHO1,LOH
FLJ40194,LOH
ZNF652,LOH
NGFR,LOH
NXPH3,LOH
SPOP,LOH
SLC35B1,LOH
KAT7,LOH
TAC4,LOH
DLX4,LOH
DLX3,LOH
ITGA3,LOH
PDK2,LOH
SAMD14,LOH
PPP1R9B,LOH
TMEM92,LOH
XYLT2,LOH
MRPL27,LOH
LRRC59,LOH
ACSF2,LOH
RSAD1,LOH
MYCBPAP,LOH
EPN3,LOH
SPATA20,LOH
CACNA1G,LOH
ANKRD40,LOH
WFIKKN2,LOH
TOB1,LOH
SPAG9,LOH
NME1-NME2,LOH
MBTD1,LOH
UTP18,LOH
CA10,LOH
C17orf112,LOH
KIF2B,LOH
TOM1L1,LOH
COX11,LOH
STXBP4,LOH
HLF,LOH
MMD,LOH
TMEM100,LOH
NOG,LOH
C17orf67,LOH
DGKE,LOH
TRIM25,LOH
COIL,LOH
SCPEP1,LOH
RNF126P1,LOH
AKAP1,LOH
CCDC182,LOH
MRPS23,LOH
CUEDC1,LOH
VEZF1,LOH
SRSF1,LOH
OR4D1,LOH
OR4D2,LOH
EPX,LOH
MKS1,LOH
LPO,LOH
MPO,LOH
RNF43,LOH
HSF5,LOH
MTMR4,LOH
TEX14,LOH
RAD51C,LOH
PPM1E,LOH
TRIM37,LOH
SKA2,LOH
PRR11,LOH
SMG8,LOH
GDPD1,LOH
YPEL2,LOH
DHX40,LOH
CLTC,LOH
PTRH2,LOH
VMP1,LOH
TUBD1,LOH
RNFT1,LOH
HEATR6,LOH
LOC653653,LOH
CA4,LOH
USP32,LOH
C17orf64,LOH
APPBP2,LOH
PPM1D,LOH
BCAS3,LOH
TBX2,LOH
C17orf82,LOH
NACA2,LOH
BRIP1,LOH
INTS2,LOH
MED13,LOH
TBC1D3P2,LOH
EFCAB3,LOH
METTL2A,LOH
TLK2,LOH
MRC2,LOH
TANC2,LOH
CYB561,LOH
ACE,LOH
KCNH6,LOH
DCAF7,LOH
TACO1,LOH
MAP3K3,LOH
LIMD2,LOH
LOC729683,LOH
CCDC47,LOH
DDX42,LOH
FTSJ3,LOH
PSMC5,LOH
SMARCD2,LOH
CSH2,LOH
GH2,LOH
CSH1,LOH
GH1,LOH
CD79B,LOH
SCN4A,LOH
PRR29,LOH
ICAM2,LOH
ERN1,LOH
TEX2,LOH
PECAM1,LOH
MILR1,LOH
POLG2,LOH
DDX5,LOH
SMURF2,LOH
LRRC37A3,LOH
AMZ2P1,LOH
GNA13,LOH
RGS9,LOH
AXIN2,LOH
CEP112,LOH
APOH,LOH
PRKCA,LOH
CACNG4,LOH
CACNG1,LOH
HELZ,LOH
HELZ,GAIN
SLC39A11,GAIN
SLC39A11,GAIN
COG1,GAIN
C17orf80,GAIN
SDK2,GAIN
LINC00469,GAIN
MGC16275,GAIN
TTYH2,GAIN
DNAI2,GAIN
KIF19,GAIN
BTBD17,GAIN
GPR142,GAIN
CD300A,GAIN
CD300LB,GAIN
CD300C,GAIN
C17orf77,GAIN
CD300E,GAIN
RAB37,GAIN
SLC9A3R1,GAIN
NAT9,GAIN
TMEM104,GAIN
GRIN2C,GAIN
FDXR,GAIN
FADS6,GAIN
USH1G,GAIN
OTOP2,GAIN
OTOP3,GAIN
HID1,GAIN
CDR2L,GAIN
KCTD2,GAIN
SLC16A5,GAIN
ARMC7,GAIN
NT5C,GAIN
NUP85,GAIN
GGA3,GAIN
MRPS7,GAIN
MIF4GD,GAIN
SLC25A19,GAIN
GRB2,GAIN
CASKIN2,GAIN
TSEN54,GAIN
LLGL2,GAIN
MYO15B,GAIN
RECQL5,GAIN
SAP30BP,GAIN
H3F3B,GAIN
UNC13D,GAIN
TRIM47,GAIN
TRIM65,GAIN
FBF1,GAIN
ACOX1,GAIN
EVPL,GAIN
ZACN,GAIN
EXOC7,GAIN
FOXJ1,GAIN
RNF157,GAIN
UBALD2,GAIN
QRICH2,GAIN
UBE2O,GAIN
AANAT,GAIN
CYGB,GAIN
SNHG16,GAIN
MXRA7,GAIN
JMJD6,GAIN
METTL23,GAIN
MFSD11,GAIN
SEC14L1,GAIN
TMC6,GAIN
TMC8,GAIN
C17orf99,GAIN
TK1,GAIN
AFMID,GAIN
BIRC5,GAIN
TMEM235,GAIN
SOCS3,GAIN
PGS1,GAIN
DNAH17,GAIN
CYTH1,GAIN
USP36,GAIN
TIMP2,GAIN
LGALS3BP,GAIN
CANT1,GAIN
C1QTNF1,GAIN
ENGASE,GAIN
RBFOX3,GAIN
ENPP7,GAIN
CBX2,GAIN
CBX4,GAIN
TBC1D16,GAIN
TBC1D16,GAIN
RPTOR,GAIN
CHMP6,GAIN
BAIAP2,GAIN
AATK,GAIN
CEP131,GAIN
SLC38A10,GAIN
LINC00482,GAIN
TMEM105,GAIN
LOC100130370,GAIN
BAHCC1,GAIN
ACTG1,GAIN
FSCN2,GAIN
NPLOC4,GAIN
OXLD1,GAIN
CCDC137,GAIN
ARL16,GAIN
HGS,GAIN
SLC25A10,GAIN
MTCL1,LOH
ZNF532,LOSS
GRP,LOSS
RAX,LOSS
CPLX4,LOSS
LMAN1,LOSS
CCBE1,LOSS
PMAIP1,LOSS
MC4R,LOSS
KIAA1468,LOSS
ZCCHC2,LOSS
PHLPP1,LOSS
BCL2,LOSS
KDSR,LOSS
VPS4B,LOSS
SERPINB4,LOSS
SERPINB7,LOSS
SERPINB2,LOSS
SERPINB8,LOSS
LINC00305,LOSS
CDH7,LOSS
CDH19,LOSS
DSEL,LOSS
CCDC102B,LOSS
DOK6,LOSS
CD226,LOSS
SOCS6,LOSS
GTSCR1,LOSS
CBLN2,LOSS
NETO1,LOSS
LOC400655,LOSS
FBXO15,LOSS
TIMM21,LOSS
CYB5A,LOSS
C18orf63,LOSS
CNDP2,LOSS
ZNF407,LOSS
ZADH2,LOSS
TSHZ1,LOSS
SMIM21,LOSS
ZNF516,LOSS
C18orf65,LOSS
ZNF236,LOSS
ZNF236,LOH
MBP,LOH
GALR1,LOH
SALL3,LOH
ATP9B,LOH
NFATC1,LOH
CTDP1,LOH
KCNG2,LOH
PQLC1,LOH
HSBP1L1,LOH
TXNL4A,LOH
RBFA,LOH
ADNP2,LOH
PARD6G,LOH
HAUS8,LOH
MYO9B,LOH
USE1,LOH
OCEL1,LOH
USHBP1,LOH
ANKLE1,LOH
ABHD8,LOH
DDA1,LOH
ANO8,LOH
GTPBP3,LOH
ACTN4,LOH
LGALS7,LOH
LGALS7B,LOH
LGALS4,LOH
HNRNPL,LOH
RINL,LOH
SIRT2,LOH
NFKBIB,LOH
CCER2,LOH
FBXO17,LOH
FBXO27,LOH
PAK4,LOH
NCCRP1,LOH
SYCN,LOH
IFNL3,LOH
IFNL4,LOH
IFNL2,LOH
IFNL1,LOH
GMFG,LOH
SAMD4B,LOH
PAF1,LOH
MED29,LOH
ZFP36,LOH
PLEKHG2,LOH
RPS16,LOH
SUPT5H,LOH
TIMM50,LOH
DLL3,LOH
EID2,LOH
LGALS13,LOH
LGALS16,LOH
LGALS17A,LOH
LGALS14,LOH
CLC,LOH
LEUTX,LOH
DYRK1B,LOH
FBL,LOH
FCGBP,LOH
PSMC4,LOH
ZNF546,LOH
ZNF780B,LOH
MAP3K10,LOH
TTC9B,LOH
CNTD2,LOH
AKT2,LOH
PLD3,LOH
HIPK4,LOH
PRX,LOH
SERTAD3,LOH
BLVRB,LOH
SHKBP1,LOH
LTBP4,LOH
NUMBL,LOH
ITPKC,LOH
SNRPA,LOH
EGLN2,LOH
CYP2G1P,LOH
CYP2B6,LOH
CYP2A13,LOH
CYP2F1,LOH
AXL,LOH
HNRNPUL1,LOH
TGFB1,LOH
BCKDHA,LOH
B3GNT8,LOH
ERICH4,LOH
PCAT19,LOH
CEACAM21,LOH
CEACAM4,LOH
CEACAM7,LOH
CEACAM6,LOH
LYPD4,LOH
DMRTC2,LOH
CD79A,LOH
ARHGEF1,LOH
RABAC1,LOH
ATP1A3,LOH
GRIK5,LOH
POU2F2,LOH
DEDD2,LOH
GSK3A,LOH
CIC,LOH
PAFAH1B3,LOH
PRR19,LOH
TMEM145,LOH
MEGF8,LOH
CNFN,LOH
LIPE-AS1,LOH
PSG3,LOH
PSG1,LOH
PSG6,LOH
PSG7,LOH
PSG2,LOH
PSG5,LOH
PSG4,LOH
CD177,LOH
TEX101,LOH
LYPD3,LOH
PHLDB3,LOH
ETHE1,LOH
IRGQ,LOH
CADM4,LOH
PLAUR,LOH
SMG9,LOH
KCNN4,LOH
LYPD5,LOH
ZNF283,LOH
ZNF45,LOH
ZNF221,LOH
ZNF155,LOH
ZNF230,LOH
ZNF224,LOH
ZNF225,LOH
ZNF234,LOH
ZNF227,LOH
ZNF180,LOH
CEACAM20,LOH
IGSF23,LOH
IGSF23,LOH
BCL3,LOH
CBLC,LOH
BCAM,LOH
TOMM40,LOH
APOE,LOH
APOC1P1,LOH
CLPTM1,LOH
RELB,LOH
CLASRP,LOH
GEMIN7,LOH
MARK4,LOH
CKM,LOH
KLC3,LOH
ERCC2,LOH
PPP1R13L,LOH
CD3EAP,LOH
RTN2,LOH
VASP,LOH
OPA3,LOH
GPR4,LOH
EML2,LOH
GIPR,LOH
SNRPD2,LOH
QPCTL,LOH
FBXO46,LOH
SIX5,LOH
DMPK,LOH
DMWD,LOH
RSPH6A,LOH
SYMPK,LOH
FOXA3,LOH
IRF2BP1,LOH
MYPOP,LOH
NANOS2,LOH
PGLYRP1,LOH
HIF3A,LOH
CCDC8,LOH
PPP5D1,LOH
CALM3,LOH
PTGIR,LOH
GNG8,LOH
DACT3,LOH
PRKD2,LOH
SLC1A5,LOH
AP2S1,LOH
ARHGAP35,LOH
TMEM160,LOH
ZC3H4,LOH
SAE1,LOH
BBC3,LOH
CCDC9,LOH
INAFM1,LOH
C5AR1,LOH
DHX34,LOH
MEIS3,LOH
SLC8A2,LOH
KPTN,LOH
NAPA,LOH
ZNF541,LOH
EHD2,LOH
CRX,LOH
SULT2A1,LOH
BSPH1,LOH
ELSPBP1,LOH
CABP5,LOH
PLA2G4C,LOH
LIG1,LOH
ZNF114,LOH
TMEM143,LOH
SYNGR4,LOH
KDELR1,LOH
GRIN2D,LOH
KCNJ14,LOH
CYTH2,LOH
LMTK3,LOH
SULT2B1,LOH
RPL18,LOH
SPHK2,LOH
DBP,LOH
SEC1P,LOH
FUT2,LOH
MAMSTR,LOH
RASIP1,LOH
IZUMO1,LOH
FUT1,LOH
FGF21,LOH
BCAT2,LOH
HSD17B14,LOH
PLEKHA4,LOH
PPP1R15A,LOH
TULP2,LOH
NUCB1,LOH
DHDH,LOH
BAX,LOH
FTL,LOH
GYS1,LOH
RUVBL2,LOH
LHB,LOH
CGB8,LOH
KCNA7,LOH
SNRNP70,LOH
LIN7B,LOH
C19orf73,LOH
PPFIA3,LOH
HRC,LOH
TRPM4,LOH
SLC6A16,LOH
TEAD2,LOH
DKKL1,LOH
CCDC155,LOH
CCDC155,GAIN
TTC3,LOSS
DSCR9,LOSS
DYRK1A,LOSS
KCNJ6,LOSS
DSCR8,LOSS
KCNJ15,LOSS
ERG,LOSS
ETS2,LOSS
LOC400867,LOSS
PKNOX1,GAIN
COL6A1,GAIN
COL6A2,GAIN
FTCD,GAIN
SPATC1L,GAIN
MCM3AP,GAIN
YBEY,GAIN
C21orf58,GAIN
PCNT,GAIN
DIP2A,GAIN
S100B,GAIN
OR11H1,GAIN
CCT8L2,LOH
XKR3,LOH
GAB4,LOH
IL17RA,LOH
CECR2,LOH
ATP6V1E1,LOH
BCL2L13,LOH
BID,LOH
MICAL3,LOH
USP18,LOH
TMEM191B,LOSS
RIMBP3,LOSS
SCARF2,LOH
KLHL22,LOH
MED15,LOH
VPREB1,LOH
BMS1P20,LOH
ZNF280B,LOH
ZNF280A,LOH
PRAME,LOH
APOL3,LOH
APOL4,LOH
APOL2,LOH
MYH9,LOH
TRIOBP,GAIN
H1F0,GAIN
GCAT,GAIN
GALR3,GAIN
ANKRD54,GAIN
EIF3L,GAIN
MICALL1,GAIN
C22orf23,GAIN
POLR2F,GAIN
LINC00898,GAIN
C22orf34,GAIN
BRD1,GAIN
ZBED4,GAIN
ALG12,GAIN
CRELD2,GAIN
PIM3,GAIN
IL17REL,GAIN
MLC1,GAIN
PANX2,GAIN
TUBGCP6,GAIN
MAPK12,GAIN
MAPK11,GAIN
DENND6B,GAIN
PPP6R2,GAIN
SBF1,GAIN
ADM2,GAIN
MIOX,GAIN
LMF2,GAIN
NCAPH2,GAIN
SCO2,GAIN
TYMP,GAIN
ODF3B,GAIN
KLHDC7B,GAIN
SYCE3,GAIN
MAPK8IP2,GAIN
ARSA,GAIN
